4cd1d256-bde8-46fa-8cee-42df7b28c1f6,03d612d9-ebba-44e5-a29e-7b12b9523418,14b3fa97-68a4-4886-9be3-d68cd4654760,ENDED,2026-08-11T20:30:00.000Z,2026-08-12T07:02:38.323Z,37958,35.651270,51.404031,2026-08-11T20:30:00.000Z
429dbb22-7ae0-49ff-90c3-5d4bd7aac440,03d612d9-ebba-44e5-a29e-7b12b9523418,14b3fa97-68a4-4886-9be3-d68cd4654760,ENDED,2026-08-12T05:39:08.323Z,2026-08-12T06:02:08.323Z,1380,35.709767,51.369649,2026-08-12T05:39:08.323Z
15f5e1b9-8a43-4070-9adc-f09a55a6f6e4,03d612d9-ebba-44e5-a29e-7b12b9523418,14b3fa97-68a4-4886-9be3-d68cd4654760,ENDED,2026-08-12T06:18:38.323Z,2026-08-12T06:50:38.323Z,1920,35.669492,51.391940,2026-08-12T06:18:38.323Z
0a6289d6-372a-4f90-9b45-0d0354a0c238,03d612d9-ebba-44e5-a29e-7b12b9523418,14b3fa97-68a4-4886-9be3-d68cd4654760,ENDED,2026-08-12T06:50:38.323Z,2026-08-13T06:50:38.323Z,86400,35.669492,51.391940,2026-08-12T06:50:38.323Z
414830ac-da1c-48c2-a7ab-a9055a34dd13,03d612d9-ebba-44e5-a29e-7b12b9523418,14b3fa97-68a4-4886-9be3-d68cd4654760,ENDED,2026-08-12T18:30:00.000Z,2026-08-13T04:22:22.462Z,35542,35.669492,51.391940,2026-08-12T18:30:00.000Z
b953788b-ff3c-4100-8a83-67498701d048,03d612d9-ebba-44e5-a29e-7b12b9523418,14b3fa97-68a4-4886-9be3-d68cd4654760,ENDED,2026-08-13T04:53:22.462Z,2026-08-13T05:27:22.462Z,2040,35.723015,51.519583,2026-08-13T04:53:22.462Z
73a7f9c6-8ab3-4891-afe4-b7f442d9be3f,03d612d9-ebba-44e5-a29e-7b12b9523418,14b3fa97-68a4-4886-9be3-d68cd4654760,ENDED,2026-08-13T05:53:22.462Z,2026-08-13T06:15:22.462Z,1320,35.665270,51.432712,2026-08-13T05:53:22.462Z
380405ea-51f6-4366-bdc4-06ad5d5b902f,03d612d9-ebba-44e5-a29e-7b12b9523418,14b3fa97-68a4-4886-9be3-d68cd4654760,ENDED,2026-08-13T06:15:22.462Z,2026-08-14T06:15:22.462Z,86400,35.665270,51.432712,2026-08-13T06:15:22.462Z
e95b6a28-f2bf-41f8-adf0-b2ea22bdba02,03d612d9-ebba-44e5-a29e-7b12b9523418,14b3fa97-68a4-4886-9be3-d68cd4654760,ENDED,2026-08-15T18:30:00.000Z,2026-08-16T03:17:52.301Z,31672,35.665270,51.432712,2026-08-15T18:30:00.000Z
b352092f-89bb-45dd-ae1c-7138a4819c73,03d612d9-ebba-44e5-a29e-7b12b9523418,14b3fa97-68a4-4886-9be3-d68cd4654760,ENDED,2026-08-16T03:32:22.301Z,2026-08-16T03:51:22.301Z,1140,35.708192,51.502326,2026-08-16T03:32:22.301Z
cc3af4d8-e417-4cd1-8f1b-0ee36dc60cad,03d612d9-ebba-44e5-a29e-7b12b9523418,14b3fa97-68a4-4886-9be3-d68cd4654760,ENDED,2026-08-16T04:11:52.301Z,2026-08-16T04:25:52.301Z,840,35.676515,51.455026,2026-08-16T04:11:52.301Z
500c9d89-c81e-4e00-9816-fcd6e29c6572,03d612d9-ebba-44e5-a29e-7b12b9523418,14b3fa97-68a4-4886-9be3-d68cd4654760,ENDED,2026-08-16T04:40:22.301Z,2026-08-16T05:09:22.301Z,1740,35.726088,51.528391,2026-08-16T04:40:22.301Z
8192d62e-f925-4a34-93cd-522d2fc792a4,03d612d9-ebba-44e5-a29e-7b12b9523418,14b3fa97-68a4-4886-9be3-d68cd4654760,ENDED,2026-08-16T05:33:52.301Z,2026-08-16T05:57:52.301Z,1440,35.670384,51.431609,2026-08-16T05:33:52.301Z
044f5209-6daf-4e6d-9205-ea1fa0576421,03d612d9-ebba-44e5-a29e-7b12b9523418,14b3fa97-68a4-4886-9be3-d68cd4654760,ENDED,2026-08-16T06:29:22.301Z,2026-08-16T06:43:22.301Z,840,35.713216,51.520651,2026-08-16T06:29:22.301Z
1d01f31d-825b-4c8b-849b-7cfd107cfd9b,03d612d9-ebba-44e5-a29e-7b12b9523418,14b3fa97-68a4-4886-9be3-d68cd4654760,ENDED,2026-08-16T07:11:52.301Z,2026-08-16T07:28:52.301Z,1020,35.669007,51.444135,2026-08-16T07:11:52.301Z
546e058b-0c44-49cd-82b6-f635e98e6620,03d612d9-ebba-44e5-a29e-7b12b9523418,14b3fa97-68a4-4886-9be3-d68cd4654760,ENDED,2026-08-16T07:28:52.301Z,2026-08-17T07:28:52.301Z,86400,35.669007,51.444135,2026-08-16T07:28:52.301Z
20f4ea4d-d7aa-48d9-bf22-5d7a65c90cb7,03d612d9-ebba-44e5-a29e-7b12b9523418,14b3fa97-68a4-4886-9be3-d68cd4654760,ENDED,2026-08-16T18:30:00.000Z,2026-08-17T03:19:40.906Z,31781,35.669007,51.444135,2026-08-16T18:30:00.000Z
798d9639-9c27-4901-b02a-1184f2c7bba6,03d612d9-ebba-44e5-a29e-7b12b9523418,14b3fa97-68a4-4886-9be3-d68cd4654760,ENDED,2026-08-17T03:43:40.906Z,2026-08-17T04:10:40.906Z,1620,35.723628,51.489346,2026-08-17T03:43:40.906Z
4eb671eb-b37e-4de9-8838-8b08b1a433dd,03d612d9-ebba-44e5-a29e-7b12b9523418,14b3fa97-68a4-4886-9be3-d68cd4654760,ENDED,2026-08-17T04:33:10.906Z,2026-08-17T04:44:10.906Z,660,35.686099,51.443216,2026-08-17T04:33:10.906Z
83eaa4ad-b761-4ffc-8c2b-9090f2af072e,03d612d9-ebba-44e5-a29e-7b12b9523418,14b3fa97-68a4-4886-9be3-d68cd4654760,ENDED,2026-08-17T05:06:10.906Z,2026-08-17T05:36:10.906Z,1800,35.754535,51.459040,2026-08-17T05:06:10.906Z
f818cd7f-b581-450a-a1c0-8dbe7c2bc0e5,03d612d9-ebba-44e5-a29e-7b12b9523418,14b3fa97-68a4-4886-9be3-d68cd4654760,ENDED,2026-08-17T05:59:40.906Z,2026-08-17T06:38:40.906Z,2340,35.683455,51.420356,2026-08-17T05:59:40.906Z
8bb62251-5dbc-4ea9-87a5-11ece05dfb61,03d612d9-ebba-44e5-a29e-7b12b9523418,14b3fa97-68a4-4886-9be3-d68cd4654760,ENDED,2026-08-17T06:38:40.906Z,2026-08-18T06:38:40.906Z,86400,35.683455,51.420356,2026-08-17T06:38:40.906Z
42319d18-76c3-4e54-99a4-98abeef74dfd,03d612d9-ebba-44e5-a29e-7b12b9523418,14b3fa97-68a4-4886-9be3-d68cd4654760,ENDED,2026-08-17T18:30:00.000Z,2026-08-18T03:09:54.289Z,31194,35.683455,51.420356,2026-08-17T18:30:00.000Z
7a1266f2-82f0-4af9-a9ab-8cd0713b5811,03d612d9-ebba-44e5-a29e-7b12b9523418,14b3fa97-68a4-4886-9be3-d68cd4654760,ENDED,2026-08-18T03:25:54.289Z,2026-08-18T03:37:54.289Z,720,35.693473,51.361284,2026-08-18T03:25:54.289Z
50f889a7-ebf8-4e23-ac09-fd6d16d8c7f8,03d612d9-ebba-44e5-a29e-7b12b9523418,14b3fa97-68a4-4886-9be3-d68cd4654760,ENDED,2026-08-18T03:59:54.289Z,2026-08-18T04:35:54.289Z,2160,35.746791,51.398764,2026-08-18T03:59:54.289Z
19c44fcc-0658-4f2c-a460-623902893ceb,03d612d9-ebba-44e5-a29e-7b12b9523418,14b3fa97-68a4-4886-9be3-d68cd4654760,ENDED,2026-08-18T04:35:54.289Z,2026-08-19T04:35:54.289Z,86400,35.746791,51.398764,2026-08-18T04:35:54.289Z
218dc3e3-a370-489d-ac30-9d68ee48d7a1,03d612d9-ebba-44e5-a29e-7b12b9523418,14b3fa97-68a4-4886-9be3-d68cd4654760,ENDED,2026-08-18T18:30:00.000Z,2026-08-19T02:43:37.534Z,29618,35.746791,51.398764,2026-08-18T18:30:00.000Z
d0d04145-850d-4930-bc73-aedfcc5ebafd,03d612d9-ebba-44e5-a29e-7b12b9523418,14b3fa97-68a4-4886-9be3-d68cd4654760,ENDED,2026-08-19T02:52:07.534Z,2026-08-19T03:09:07.534Z,1020,35.766784,51.409479,2026-08-19T02:52:07.534Z
a9006941-49ac-490e-9d64-b5a92d655ac9,03d612d9-ebba-44e5-a29e-7b12b9523418,14b3fa97-68a4-4886-9be3-d68cd4654760,ENDED,2026-08-19T03:34:37.534Z,2026-08-19T04:12:37.534Z,2280,35.678609,51.410265,2026-08-19T03:34:37.534Z
0cdbd59e-a496-4e71-b338-4d21d77dea82,03d612d9-ebba-44e5-a29e-7b12b9523418,14b3fa97-68a4-4886-9be3-d68cd4654760,ENDED,2026-08-19T04:12:37.534Z,2026-08-20T04:12:37.534Z,86400,35.678609,51.410265,2026-08-19T04:12:37.534Z
02b2b952-fd69-4ff0-aaa5-fca14dc610a6,03d612d9-ebba-44e5-a29e-7b12b9523418,14b3fa97-68a4-4886-9be3-d68cd4654760,ENDED,2026-08-19T18:30:00.000Z,2026-08-20T04:01:09.210Z,34269,35.678609,51.410265,2026-08-19T18:30:00.000Z
8b3318a2-c8f3-4337-9b61-51403e39bf07,03d612d9-ebba-44e5-a29e-7b12b9523418,14b3fa97-68a4-4886-9be3-d68cd4654760,ENDED,2026-08-20T04:26:39.210Z,2026-08-20T04:45:39.210Z,1140,35.738620,51.361016,2026-08-20T04:26:39.210Z
51391f94-2e18-458c-af75-c9214b60f336,03d612d9-ebba-44e5-a29e-7b12b9523418,14b3fa97-68a4-4886-9be3-d68cd4654760,ENDED,2026-08-20T05:08:09.210Z,2026-08-20T05:31:09.210Z,1380,35.693571,51.382654,2026-08-20T05:08:09.210Z
aa30cce3-7252-42b9-9197-925cb991c5a3,03d612d9-ebba-44e5-a29e-7b12b9523418,14b3fa97-68a4-4886-9be3-d68cd4654760,ENDED,2026-08-20T05:31:09.210Z,2026-08-21T05:31:09.210Z,86400,35.693571,51.382654,2026-08-20T05:31:09.210Z
1f15d48e-66f9-4016-b6d4-14809f29cd1d,03d612d9-ebba-44e5-a29e-7b12b9523418,14b3fa97-68a4-4886-9be3-d68cd4654760,ENDED,2026-08-21T18:30:00.000Z,2026-08-22T04:50:07.130Z,37207,35.693571,51.382654,2026-08-21T18:30:00.000Z
7fb28897-d0cb-4762-882a-a8b9e1f8fbc4,03d612d9-ebba-44e5-a29e-7b12b9523418,14b3fa97-68a4-4886-9be3-d68cd4654760,ENDED,2026-08-22T05:06:07.130Z,2026-08-22T05:37:07.130Z,1860,35.746001,51.403730,2026-08-22T05:06:07.130Z
7de18fcb-7419-40d0-85b0-c99cbc2ced55,03d612d9-ebba-44e5-a29e-7b12b9523418,14b3fa97-68a4-4886-9be3-d68cd4654760,ENDED,2026-08-22T06:01:37.130Z,2026-08-22T06:34:37.130Z,1980,35.673636,51.408572,2026-08-22T06:01:37.130Z
7cd4992a-0827-44b5-ade6-f3b154b3a8d4,03d612d9-ebba-44e5-a29e-7b12b9523418,14b3fa97-68a4-4886-9be3-d68cd4654760,ENDED,2026-08-22T07:06:37.130Z,2026-08-22T07:32:37.130Z,1560,35.752654,51.196148,2026-08-22T07:06:37.130Z
0df5781d-fa72-43f7-b3d7-bb729e57b50a,03d612d9-ebba-44e5-a29e-7b12b9523418,14b3fa97-68a4-4886-9be3-d68cd4654760,ENDED,2026-08-22T08:12:07.130Z,2026-08-22T08:38:07.130Z,1560,35.678931,51.355789,2026-08-22T08:12:07.130Z
ffb1662a-d521-4a7b-89a2-52c9dcc7e397,03d612d9-ebba-44e5-a29e-7b12b9523418,14b3fa97-68a4-4886-9be3-d68cd4654760,ENDED,2026-08-22T08:38:07.130Z,2026-08-23T08:38:07.130Z,86400,35.678931,51.355789,2026-08-22T08:38:07.130Z
28e4ec80-3981-4d7d-b7cd-9fa2bcda9a0c,03d612d9-ebba-44e5-a29e-7b12b9523418,14b3fa97-68a4-4886-9be3-d68cd4654760,ENDED,2026-08-23T18:30:00.000Z,2026-08-24T04:13:44.492Z,35024,35.678931,51.355789,2026-08-23T18:30:00.000Z
0ae42dbe-36c6-4f5e-af6b-417d356a3ee8,03d612d9-ebba-44e5-a29e-7b12b9523418,14b3fa97-68a4-4886-9be3-d68cd4654760,ENDED,2026-08-24T04:33:44.492Z,2026-08-24T05:00:44.492Z,1620,35.738203,51.344920,2026-08-24T04:33:44.492Z
3cc3e029-aec9-4000-b13c-4230f4eed89a,03d612d9-ebba-44e5-a29e-7b12b9523418,14b3fa97-68a4-4886-9be3-d68cd4654760,ENDED,2026-08-24T05:35:14.492Z,2026-08-24T05:48:14.492Z,780,35.740466,51.491741,2026-08-24T05:35:14.492Z
f054542d-79bc-44bd-9109-d6d254a287d2,03d612d9-ebba-44e5-a29e-7b12b9523418,14b3fa97-68a4-4886-9be3-d68cd4654760,ENDED,2026-08-24T06:06:44.492Z,2026-08-24T06:26:44.492Z,1200,35.753880,51.447786,2026-08-24T06:06:44.492Z
2a438835-a4b8-49c4-9b0b-5bd5474e9ca2,03d612d9-ebba-44e5-a29e-7b12b9523418,14b3fa97-68a4-4886-9be3-d68cd4654760,ENDED,2026-08-24T06:53:44.492Z,2026-08-24T07:03:44.492Z,600,35.673808,51.413268,2026-08-24T06:53:44.492Z
2c216f2b-5912-4138-8f15-63d485d81129,03d612d9-ebba-44e5-a29e-7b12b9523418,14b3fa97-68a4-4886-9be3-d68cd4654760,ENDED,2026-08-24T07:18:44.492Z,2026-08-24T07:49:44.492Z,1860,35.725209,51.515076,2026-08-24T07:18:44.492Z
ca73cfbe-bc3a-4683-982e-6d81af96ecb6,03d612d9-ebba-44e5-a29e-7b12b9523418,14b3fa97-68a4-4886-9be3-d68cd4654760,ENDED,2026-08-24T08:16:44.492Z,2026-08-24T08:29:44.492Z,780,35.672030,51.428505,2026-08-24T08:16:44.492Z
7e22f2e9-92a7-4f90-a510-5514ade9e47b,03d612d9-ebba-44e5-a29e-7b12b9523418,14b3fa97-68a4-4886-9be3-d68cd4654760,ENDED,2026-08-24T08:29:44.492Z,2026-08-25T08:29:44.492Z,86400,35.672030,51.428505,2026-08-24T08:29:44.492Z
8cf8eb27-6eaf-4e55-9248-7e730dec7a29,03d612d9-ebba-44e5-a29e-7b12b9523418,14b3fa97-68a4-4886-9be3-d68cd4654760,ENDED,2026-08-24T18:30:00.000Z,2026-08-25T02:45:18.502Z,29719,35.672030,51.428505,2026-08-24T18:30:00.000Z
79eed15c-0828-48c4-afc0-c532bb3cc7a2,03d612d9-ebba-44e5-a29e-7b12b9523418,14b3fa97-68a4-4886-9be3-d68cd4654760,ENDED,2026-08-25T03:01:48.502Z,2026-08-25T03:38:48.502Z,2220,35.726522,51.517606,2026-08-25T03:01:48.502Z
4860a1d8-5e1c-400d-8bdc-82c7171e8c0f,03d612d9-ebba-44e5-a29e-7b12b9523418,14b3fa97-68a4-4886-9be3-d68cd4654760,ENDED,2026-08-25T04:04:48.502Z,2026-08-25T04:20:48.502Z,960,35.684639,51.460484,2026-08-25T04:04:48.502Z
700b2113-452b-446b-a452-6580c2e98222,03d612d9-ebba-44e5-a29e-7b12b9523418,14b3fa97-68a4-4886-9be3-d68cd4654760,ENDED,2026-08-25T04:44:48.502Z,2026-08-25T05:26:48.502Z,2520,35.741879,51.424239,2026-08-25T04:44:48.502Z
8570fca2-48b8-4331-912a-2e4e67343653,03d612d9-ebba-44e5-a29e-7b12b9523418,14b3fa97-68a4-4886-9be3-d68cd4654760,ENDED,2026-08-25T05:49:48.502Z,2026-08-25T06:05:48.502Z,960,35.678296,51.408363,2026-08-25T05:49:48.502Z
58f23089-770f-4311-80c5-808a0cae53c7,03d612d9-ebba-44e5-a29e-7b12b9523418,14b3fa97-68a4-4886-9be3-d68cd4654760,ENDED,2026-08-25T06:05:48.502Z,2026-08-26T06:05:48.502Z,86400,35.678296,51.408363,2026-08-25T06:05:48.502Z
3f64eebf-ae14-42ba-92aa-07738e253293,03d612d9-ebba-44e5-a29e-7b12b9523418,14b3fa97-68a4-4886-9be3-d68cd4654760,ENDED,2026-08-25T18:30:00.000Z,2026-08-26T02:33:18.311Z,28998,35.678296,51.408363,2026-08-25T18:30:00.000Z
0ee2e63f-70de-46a3-b547-6bdba5246307,03d612d9-ebba-44e5-a29e-7b12b9523418,14b3fa97-68a4-4886-9be3-d68cd4654760,ENDED,2026-08-26T02:55:48.311Z,2026-08-26T03:18:48.311Z,1380,35.744418,51.353831,2026-08-26T02:55:48.311Z
5e320732-477d-4d3c-b0e5-e55a03fd882c,03d612d9-ebba-44e5-a29e-7b12b9523418,14b3fa97-68a4-4886-9be3-d68cd4654760,ENDED,2026-08-26T03:54:18.311Z,2026-08-26T04:23:18.311Z,1740,35.739222,51.458700,2026-08-26T03:54:18.311Z
0d62f004-263f-436b-acf2-f87e9f726a1b,03d612d9-ebba-44e5-a29e-7b12b9523418,14b3fa97-68a4-4886-9be3-d68cd4654760,ENDED,2026-08-26T04:44:18.311Z,2026-08-26T05:21:18.311Z,2220,35.757781,51.363198,2026-08-26T04:44:18.311Z
283256f0-3773-4110-8111-7c2960a7cbb8,03d612d9-ebba-44e5-a29e-7b12b9523418,14b3fa97-68a4-4886-9be3-d68cd4654760,ENDED,2026-08-26T05:50:18.311Z,2026-08-26T06:10:18.311Z,1200,35.678195,51.398438,2026-08-26T05:50:18.311Z
5274a9ec-b02d-430e-9716-65fddc97c6f5,03d612d9-ebba-44e5-a29e-7b12b9523418,14b3fa97-68a4-4886-9be3-d68cd4654760,ENDED,2026-08-26T06:10:18.311Z,2026-08-26T12:27:48.318Z,22650,35.678195,51.398438,2026-08-26T06:10:18.311Z
6b28ca1b-5eba-421f-9e23-864d001506d0,03d612d9-ebba-44e5-a29e-7b12b9523418,2a0c5c26-377b-4f55-8e1b-1e57ca9e4e6d,ENDED,2026-08-11T20:30:00.000Z,2026-08-12T05:39:59.052Z,32999,35.652172,51.405281,2026-08-11T20:30:00.000Z
128c7f5a-7e90-4acc-a77f-5306800e4a9a,03d612d9-ebba-44e5-a29e-7b12b9523418,2a0c5c26-377b-4f55-8e1b-1e57ca9e4e6d,ENDED,2026-08-12T04:03:59.052Z,2026-08-12T04:23:59.052Z,1200,35.712332,51.406728,2026-08-12T04:03:59.052Z
43c118d8-9bbd-44c9-b711-e3967778432e,03d612d9-ebba-44e5-a29e-7b12b9523418,2a0c5c26-377b-4f55-8e1b-1e57ca9e4e6d,ENDED,2026-08-12T04:37:59.052Z,2026-08-12T05:01:59.052Z,1440,35.664069,51.408384,2026-08-12T04:37:59.052Z
bc9d3262-2101-4f19-bd71-2032240124c9,03d612d9-ebba-44e5-a29e-7b12b9523418,2a0c5c26-377b-4f55-8e1b-1e57ca9e4e6d,ENDED,2026-08-12T05:20:59.052Z,2026-08-12T05:46:59.052Z,1560,35.687698,51.359619,2026-08-12T05:20:59.052Z
3051481d-b11e-489a-bcee-6118fa796f0d,03d612d9-ebba-44e5-a29e-7b12b9523418,2a0c5c26-377b-4f55-8e1b-1e57ca9e4e6d,ENDED,2026-08-12T05:57:29.052Z,2026-08-12T06:30:29.052Z,1980,35.696530,51.349925,2026-08-12T05:57:29.052Z
57b33735-14b2-4910-8234-314997e4489a,03d612d9-ebba-44e5-a29e-7b12b9523418,2a0c5c26-377b-4f55-8e1b-1e57ca9e4e6d,ENDED,2026-08-12T06:30:29.052Z,2026-08-13T06:30:29.052Z,86400,35.696530,51.349925,2026-08-12T06:30:29.052Z
db102db3-767f-4019-8f9c-017e2f5288d7,03d612d9-ebba-44e5-a29e-7b12b9523418,2a0c5c26-377b-4f55-8e1b-1e57ca9e4e6d,ENDED,2026-08-14T18:30:00.000Z,2026-08-15T03:52:30.574Z,33751,35.696530,51.349925,2026-08-14T18:30:00.000Z
4a9f800d-ad24-4d0a-812e-12de065b844a,03d612d9-ebba-44e5-a29e-7b12b9523418,2a0c5c26-377b-4f55-8e1b-1e57ca9e4e6d,ENDED,2026-08-15T04:17:00.574Z,2026-08-15T04:38:00.574Z,1260,35.749324,51.388636,2026-08-15T04:17:00.574Z
239ce04e-be9c-4193-9be7-c26c1261dd6f,03d612d9-ebba-44e5-a29e-7b12b9523418,2a0c5c26-377b-4f55-8e1b-1e57ca9e4e6d,ENDED,2026-08-15T05:03:00.574Z,2026-08-15T05:21:00.574Z,1080,35.689836,51.410160,2026-08-15T05:03:00.574Z
698b4978-d128-4d69-bfc0-46f1b42c5a1e,03d612d9-ebba-44e5-a29e-7b12b9523418,2a0c5c26-377b-4f55-8e1b-1e57ca9e4e6d,ENDED,2026-08-15T05:38:30.574Z,2026-08-15T06:23:30.574Z,2700,35.746387,51.408777,2026-08-15T05:38:30.574Z
56cf0f66-b14f-4937-a96e-1d21e474c2ba,03d612d9-ebba-44e5-a29e-7b12b9523418,2a0c5c26-377b-4f55-8e1b-1e57ca9e4e6d,ENDED,2026-08-15T06:33:30.574Z,2026-08-15T06:46:30.574Z,780,35.765949,51.411918,2026-08-15T06:33:30.574Z
120c61ca-94ea-4bfa-9ff0-798c491ac82c,03d612d9-ebba-44e5-a29e-7b12b9523418,2a0c5c26-377b-4f55-8e1b-1e57ca9e4e6d,ENDED,2026-08-15T06:46:30.574Z,2026-08-16T06:46:30.574Z,86400,35.765949,51.411918,2026-08-15T06:46:30.574Z
3894b8aa-73ea-43fd-aab0-86c06d5d2659,03d612d9-ebba-44e5-a29e-7b12b9523418,2a0c5c26-377b-4f55-8e1b-1e57ca9e4e6d,ENDED,2026-08-15T18:30:00.000Z,2026-08-16T03:40:29.541Z,33030,35.765949,51.411918,2026-08-15T18:30:00.000Z
c3942aff-e6cc-4f3a-9634-cbfdcba45c33,03d612d9-ebba-44e5-a29e-7b12b9523418,2a0c5c26-377b-4f55-8e1b-1e57ca9e4e6d,ENDED,2026-08-16T04:12:29.541Z,2026-08-16T04:34:29.541Z,1320,35.686933,51.427998,2026-08-16T04:12:29.541Z
760cda21-b409-44f7-8c79-1454ab17d662,03d612d9-ebba-44e5-a29e-7b12b9523418,2a0c5c26-377b-4f55-8e1b-1e57ca9e4e6d,ENDED,2026-08-16T04:50:59.541Z,2026-08-16T05:13:59.541Z,1380,35.658435,51.412318,2026-08-16T04:50:59.541Z
f55c6886-46bb-47dc-b95d-de34f67ca160,03d612d9-ebba-44e5-a29e-7b12b9523418,2a0c5c26-377b-4f55-8e1b-1e57ca9e4e6d,ENDED,2026-08-16T05:13:59.541Z,2026-08-17T05:13:59.541Z,86400,35.658435,51.412318,2026-08-16T05:13:59.541Z
e3265757-592c-419a-8569-203fb2c64ce7,03d612d9-ebba-44e5-a29e-7b12b9523418,2a0c5c26-377b-4f55-8e1b-1e57ca9e4e6d,ENDED,2026-08-16T18:30:00.000Z,2026-08-17T03:09:45.518Z,31186,35.658435,51.412318,2026-08-16T18:30:00.000Z
fcf11ed5-2bdd-4a6a-a597-91a2a34ca496,03d612d9-ebba-44e5-a29e-7b12b9523418,2a0c5c26-377b-4f55-8e1b-1e57ca9e4e6d,ENDED,2026-08-17T03:19:15.518Z,2026-08-17T03:35:15.518Z,960,35.672811,51.419893,2026-08-17T03:19:15.518Z
9c4e4815-a95c-498b-bdc1-39feded6f538,03d612d9-ebba-44e5-a29e-7b12b9523418,2a0c5c26-377b-4f55-8e1b-1e57ca9e4e6d,ENDED,2026-08-17T03:43:45.518Z,2026-08-17T04:13:45.518Z,1800,35.656297,51.410139,2026-08-17T03:43:45.518Z
915b3fc6-ed61-4296-b6ed-4bf203707402,03d612d9-ebba-44e5-a29e-7b12b9523418,2a0c5c26-377b-4f55-8e1b-1e57ca9e4e6d,ENDED,2026-08-17T04:48:15.518Z,2026-08-17T05:25:15.518Z,2220,35.755097,51.194305,2026-08-17T04:48:15.518Z
6b005880-b4e1-4bd4-bed1-0ba8942c1809,03d612d9-ebba-44e5-a29e-7b12b9523418,2a0c5c26-377b-4f55-8e1b-1e57ca9e4e6d,ENDED,2026-08-17T06:08:45.518Z,2026-08-17T06:45:45.518Z,2220,35.686019,51.338911,2026-08-17T06:08:45.518Z
50aa514d-6a26-43fd-a592-27d585a62611,03d612d9-ebba-44e5-a29e-7b12b9523418,2a0c5c26-377b-4f55-8e1b-1e57ca9e4e6d,ENDED,2026-08-17T06:45:45.518Z,2026-08-18T06:45:45.518Z,86400,35.686019,51.338911,2026-08-17T06:45:45.518Z
6659da94-f612-46ea-8e72-b2c18d2d6fca,03d612d9-ebba-44e5-a29e-7b12b9523418,2a0c5c26-377b-4f55-8e1b-1e57ca9e4e6d,ENDED,2026-08-17T18:30:00.000Z,2026-08-18T04:10:56.264Z,34856,35.686019,51.338911,2026-08-17T18:30:00.000Z
2d8928e0-80a9-4804-ba2b-cb3a336aec11,03d612d9-ebba-44e5-a29e-7b12b9523418,2a0c5c26-377b-4f55-8e1b-1e57ca9e4e6d,ENDED,2026-08-18T04:18:26.264Z,2026-08-18T04:42:26.264Z,1440,35.697694,51.339355,2026-08-18T04:18:26.264Z
534ca122-7999-4be7-a19a-06824bb3babe,03d612d9-ebba-44e5-a29e-7b12b9523418,2a0c5c26-377b-4f55-8e1b-1e57ca9e4e6d,ENDED,2026-08-18T05:06:56.264Z,2026-08-18T05:36:56.264Z,1800,35.662593,51.384090,2026-08-18T05:06:56.264Z
c55b812b-377b-4ec6-9cde-ee4324b97feb,03d612d9-ebba-44e5-a29e-7b12b9523418,2a0c5c26-377b-4f55-8e1b-1e57ca9e4e6d,ENDED,2026-08-18T06:01:26.264Z,2026-08-18T06:42:26.264Z,2460,35.645027,51.458852,2026-08-18T06:01:26.264Z
0783e2f5-3204-4f20-ade3-2361c191358f,03d612d9-ebba-44e5-a29e-7b12b9523418,2a0c5c26-377b-4f55-8e1b-1e57ca9e4e6d,ENDED,2026-08-18T06:53:56.264Z,2026-08-18T07:31:56.264Z,2280,35.648152,51.415577,2026-08-18T06:53:56.264Z
a45114b4-c360-4781-a9da-7c78b0aa6c46,03d612d9-ebba-44e5-a29e-7b12b9523418,2a0c5c26-377b-4f55-8e1b-1e57ca9e4e6d,ENDED,2026-08-18T07:31:56.264Z,2026-08-19T07:31:56.264Z,86400,35.648152,51.415577,2026-08-18T07:31:56.264Z
2e846ccb-be25-4dc3-a8ff-3b5c3fb1fdb3,03d612d9-ebba-44e5-a29e-7b12b9523418,2a0c5c26-377b-4f55-8e1b-1e57ca9e4e6d,ENDED,2026-08-19T18:30:00.000Z,2026-08-20T03:31:24.003Z,32484,35.648152,51.415577,2026-08-19T18:30:00.000Z
f3fb58d5-87ff-4ae2-bc65-738d928da646,03d612d9-ebba-44e5-a29e-7b12b9523418,2a0c5c26-377b-4f55-8e1b-1e57ca9e4e6d,ENDED,2026-08-20T03:40:54.003Z,2026-08-20T04:05:54.003Z,1500,35.662717,51.420677,2026-08-20T03:40:54.003Z
781ba065-eb67-418d-ac62-66708d7e5c13,03d612d9-ebba-44e5-a29e-7b12b9523418,2a0c5c26-377b-4f55-8e1b-1e57ca9e4e6d,ENDED,2026-08-20T04:11:54.003Z,2026-08-20T04:34:54.003Z,1380,35.655541,51.409038,2026-08-20T04:11:54.003Z
92e87b2f-a82c-4700-866e-ef7289e8a082,03d612d9-ebba-44e5-a29e-7b12b9523418,2a0c5c26-377b-4f55-8e1b-1e57ca9e4e6d,ENDED,2026-08-20T04:34:54.003Z,2026-08-21T04:34:54.003Z,86400,35.655541,51.409038,2026-08-20T04:34:54.003Z
935630ab-eaec-49e4-b443-8e44a69ccf94,03d612d9-ebba-44e5-a29e-7b12b9523418,2a0c5c26-377b-4f55-8e1b-1e57ca9e4e6d,ENDED,2026-08-21T18:30:00.000Z,2026-08-22T04:56:06.093Z,37566,35.655541,51.409038,2026-08-21T18:30:00.000Z
201bd798-6097-44ef-b7ae-c20c0b4a072f,03d612d9-ebba-44e5-a29e-7b12b9523418,2a0c5c26-377b-4f55-8e1b-1e57ca9e4e6d,ENDED,2026-08-22T05:13:06.093Z,2026-08-22T05:46:06.093Z,1980,35.689482,51.352664,2026-08-22T05:13:06.093Z
dc1124da-c954-41b3-8918-6b11514a0110,03d612d9-ebba-44e5-a29e-7b12b9523418,2a0c5c26-377b-4f55-8e1b-1e57ca9e4e6d,ENDED,2026-08-22T06:03:36.093Z,2026-08-22T06:34:36.093Z,1860,35.666181,51.391421,2026-08-22T06:03:36.093Z
ee5f8d4c-25f4-40f8-9669-0aba67a10b9e,03d612d9-ebba-44e5-a29e-7b12b9523418,2a0c5c26-377b-4f55-8e1b-1e57ca9e4e6d,ENDED,2026-08-22T07:02:36.093Z,2026-08-22T07:23:36.093Z,1260,35.738433,51.403440,2026-08-22T07:02:36.093Z
e4db8265-80fb-4e7c-9ea9-6ddf3d73eeaf,03d612d9-ebba-44e5-a29e-7b12b9523418,2a0c5c26-377b-4f55-8e1b-1e57ca9e4e6d,ENDED,2026-08-22T07:41:36.093Z,2026-08-22T08:07:36.093Z,1560,35.679441,51.408553,2026-08-22T07:41:36.093Z
1863b2a9-189c-4bbe-b74b-bd6dd9a8f397,03d612d9-ebba-44e5-a29e-7b12b9523418,2a0c5c26-377b-4f55-8e1b-1e57ca9e4e6d,ENDED,2026-08-22T08:07:36.093Z,2026-08-23T08:07:36.093Z,86400,35.679441,51.408553,2026-08-22T08:07:36.093Z
5d037f97-c9fb-4c7f-8e65-e18cc200be0d,03d612d9-ebba-44e5-a29e-7b12b9523418,2a0c5c26-377b-4f55-8e1b-1e57ca9e4e6d,ENDED,2026-08-22T18:30:00.000Z,2026-08-23T04:41:00.881Z,36661,35.679441,51.408553,2026-08-22T18:30:00.000Z
d1e522cd-522b-424a-871c-7f37e507a489,03d612d9-ebba-44e5-a29e-7b12b9523418,2a0c5c26-377b-4f55-8e1b-1e57ca9e4e6d,ENDED,2026-08-23T04:56:30.881Z,2026-08-23T05:27:30.881Z,1860,35.686847,51.370984,2026-08-23T04:56:30.881Z
c514e83c-23ab-420c-a60c-52621bc78dd8,03d612d9-ebba-44e5-a29e-7b12b9523418,2a0c5c26-377b-4f55-8e1b-1e57ca9e4e6d,ENDED,2026-08-23T05:40:30.881Z,2026-08-23T05:53:30.881Z,780,35.657234,51.397412,2026-08-23T05:40:30.881Z
7638af57-6f0d-496a-90ef-d03b0720ffa6,03d612d9-ebba-44e5-a29e-7b12b9523418,2a0c5c26-377b-4f55-8e1b-1e57ca9e4e6d,ENDED,2026-08-23T05:53:30.881Z,2026-08-24T05:53:30.881Z,86400,35.657234,51.397412,2026-08-23T05:53:30.881Z
0d8be446-657a-4b9d-a26b-d1ca839e3c81,03d612d9-ebba-44e5-a29e-7b12b9523418,2a0c5c26-377b-4f55-8e1b-1e57ca9e4e6d,ENDED,2026-08-23T18:30:00.000Z,2026-08-24T04:45:39.853Z,36940,35.657234,51.397412,2026-08-23T18:30:00.000Z
5073317c-4aae-406a-af3d-6b55989f79d1,03d612d9-ebba-44e5-a29e-7b12b9523418,2a0c5c26-377b-4f55-8e1b-1e57ca9e4e6d,ENDED,2026-08-24T04:56:09.853Z,2026-08-24T05:29:09.853Z,1980,35.671187,51.418350,2026-08-24T04:56:09.853Z
18d63fe0-b8c5-46cd-b0fe-9b0424c15177,03d612d9-ebba-44e5-a29e-7b12b9523418,2a0c5c26-377b-4f55-8e1b-1e57ca9e4e6d,ENDED,2026-08-24T05:35:39.853Z,2026-08-24T06:02:39.853Z,1620,35.673158,51.421205,2026-08-24T05:35:39.853Z
643cd289-5d08-481b-9de7-b53e137fb746,03d612d9-ebba-44e5-a29e-7b12b9523418,2a0c5c26-377b-4f55-8e1b-1e57ca9e4e6d,ENDED,2026-08-24T06:02:39.853Z,2026-08-25T06:02:39.853Z,86400,35.673158,51.421205,2026-08-24T06:02:39.853Z
5d9c3006-557c-48e7-b8d4-bbe779e65bd1,03d612d9-ebba-44e5-a29e-7b12b9523418,2a0c5c26-377b-4f55-8e1b-1e57ca9e4e6d,ENDED,2026-08-24T18:30:00.000Z,2026-08-25T03:15:52.971Z,31553,35.673158,51.421205,2026-08-24T18:30:00.000Z
82482e91-53a1-487e-b621-d88c0102fae9,03d612d9-ebba-44e5-a29e-7b12b9523418,2a0c5c26-377b-4f55-8e1b-1e57ca9e4e6d,ENDED,2026-08-25T03:20:52.971Z,2026-08-25T03:57:52.971Z,2220,35.674026,51.420284,2026-08-25T03:20:52.971Z
454343a9-3057-4e69-aa91-0bd20809f8c9,03d612d9-ebba-44e5-a29e-7b12b9523418,2a0c5c26-377b-4f55-8e1b-1e57ca9e4e6d,ENDED,2026-08-25T04:06:22.971Z,2026-08-25T04:16:22.971Z,600,35.656236,51.406867,2026-08-25T04:06:22.971Z
56feed2e-905f-43f3-8b0d-3acee2ef2051,03d612d9-ebba-44e5-a29e-7b12b9523418,2a0c5c26-377b-4f55-8e1b-1e57ca9e4e6d,ENDED,2026-08-25T04:42:52.971Z,2026-08-25T05:09:52.971Z,1620,35.731945,51.419327,2026-08-25T04:42:52.971Z
89dc2e26-6063-467c-ae86-9566aaa1fab1,03d612d9-ebba-44e5-a29e-7b12b9523418,2a0c5c26-377b-4f55-8e1b-1e57ca9e4e6d,ENDED,2026-08-25T05:29:52.971Z,2026-08-25T05:42:52.971Z,780,35.684718,51.423085,2026-08-25T05:29:52.971Z
7a4741e0-1093-4fd4-9613-06aafcbbca56,03d612d9-ebba-44e5-a29e-7b12b9523418,2a0c5c26-377b-4f55-8e1b-1e57ca9e4e6d,ENDED,2026-08-25T05:56:52.971Z,2026-08-25T06:30:52.971Z,2040,35.690156,51.378659,2026-08-25T05:56:52.971Z
57ba3be4-e9dc-4213-8d85-b0caff2565d4,03d612d9-ebba-44e5-a29e-7b12b9523418,2a0c5c26-377b-4f55-8e1b-1e57ca9e4e6d,ENDED,2026-08-25T06:54:52.971Z,2026-08-25T07:11:52.971Z,1020,35.733322,51.397432,2026-08-25T06:54:52.971Z
4bcd4369-925b-4737-9a66-6200c15d6b2c,03d612d9-ebba-44e5-a29e-7b12b9523418,2a0c5c26-377b-4f55-8e1b-1e57ca9e4e6d,ENDED,2026-08-25T07:11:52.971Z,2026-08-26T07:11:52.971Z,86400,35.733322,51.397432,2026-08-25T07:11:52.971Z
6a62832f-0b51-4f02-ac74-3ff5d2fa40e6,03d612d9-ebba-44e5-a29e-7b12b9523418,f1a42899-ae87-44c7-9220-fe008daf1ff6,ENDED,2026-08-11T20:30:00.000Z,2026-08-12T05:53:17.824Z,33798,35.838795,51.005900,2026-08-11T20:30:00.000Z
193627ae-c1a1-4f60-8b2e-35414e6a2fa6,03d612d9-ebba-44e5-a29e-7b12b9523418,f1a42899-ae87-44c7-9220-fe008daf1ff6,ENDED,2026-08-12T05:15:17.824Z,2026-08-12T05:55:17.824Z,2400,35.665863,51.336470,2026-08-12T05:15:17.824Z
19b34367-12d8-4af0-8e1f-f7050b746cfd,03d612d9-ebba-44e5-a29e-7b12b9523418,f1a42899-ae87-44c7-9220-fe008daf1ff6,ENDED,2026-08-12T06:56:17.824Z,2026-08-12T07:23:17.824Z,1620,35.750908,51.165093,2026-08-12T06:56:17.824Z
b2fb1486-4f13-4d57-9dd6-033cc81235c8,03d612d9-ebba-44e5-a29e-7b12b9523418,f1a42899-ae87-44c7-9220-fe008daf1ff6,ENDED,2026-08-12T08:20:17.824Z,2026-08-12T08:43:17.824Z,1380,35.659003,51.352379,2026-08-12T08:20:17.824Z
3825eae3-a434-49f4-8da0-dcba957ea803,03d612d9-ebba-44e5-a29e-7b12b9523418,f1a42899-ae87-44c7-9220-fe008daf1ff6,ENDED,2026-08-12T09:46:17.824Z,2026-08-12T10:12:17.824Z,1560,35.797761,51.089933,2026-08-12T09:46:17.824Z
35383163-8fd7-498b-9e4d-e342c68dab43,03d612d9-ebba-44e5-a29e-7b12b9523418,f1a42899-ae87-44c7-9220-fe008daf1ff6,ENDED,2026-08-12T11:20:47.824Z,2026-08-12T11:52:47.824Z,1920,35.768975,51.304250,2026-08-12T11:20:47.824Z
2f271123-1690-436b-8a7b-451563dc116d,03d612d9-ebba-44e5-a29e-7b12b9523418,f1a42899-ae87-44c7-9220-fe008daf1ff6,ENDED,2026-08-12T12:23:17.824Z,2026-08-12T12:57:17.824Z,2040,35.752036,51.445600,2026-08-12T12:23:17.824Z
8dc5558c-aa23-48e5-aca4-af988cebff01,03d612d9-ebba-44e5-a29e-7b12b9523418,f1a42899-ae87-44c7-9220-fe008daf1ff6,ENDED,2026-08-12T12:57:17.824Z,2026-08-13T12:57:17.824Z,86400,35.752036,51.445600,2026-08-12T12:57:17.824Z
678eee56-dba3-421c-972d-152bf269e029,03d612d9-ebba-44e5-a29e-7b12b9523418,f1a42899-ae87-44c7-9220-fe008daf1ff6,ENDED,2026-08-14T18:30:00.000Z,2026-08-15T04:20:54.829Z,35455,35.752036,51.445600,2026-08-14T18:30:00.000Z
8cad4202-a389-4dae-abf5-09fefd181c7d,03d612d9-ebba-44e5-a29e-7b12b9523418,f1a42899-ae87-44c7-9220-fe008daf1ff6,ENDED,2026-08-15T04:33:24.829Z,2026-08-15T05:13:24.829Z,2400,35.746584,51.482362,2026-08-15T04:33:24.829Z
80169f9d-0c26-4f06-817f-3c6a250c384e,03d612d9-ebba-44e5-a29e-7b12b9523418,f1a42899-ae87-44c7-9220-fe008daf1ff6,ENDED,2026-08-15T06:33:24.829Z,2026-08-15T07:11:24.829Z,2280,35.818457,51.120567,2026-08-15T06:33:24.829Z
e666887d-784c-47c4-b270-e2f65caa661d,03d612d9-ebba-44e5-a29e-7b12b9523418,f1a42899-ae87-44c7-9220-fe008daf1ff6,ENDED,2026-08-15T08:17:24.829Z,2026-08-15T08:41:24.829Z,1440,35.710232,51.282417,2026-08-15T08:17:24.829Z
09fb4406-c27e-40a1-96a9-49b738baf659,03d612d9-ebba-44e5-a29e-7b12b9523418,f1a42899-ae87-44c7-9220-fe008daf1ff6,ENDED,2026-08-15T09:37:24.829Z,2026-08-15T10:05:24.829Z,1680,35.810681,51.072483,2026-08-15T09:37:24.829Z
be25ccaa-ebd8-4d9d-b05c-b2f3662b33b2,03d612d9-ebba-44e5-a29e-7b12b9523418,f1a42899-ae87-44c7-9220-fe008daf1ff6,ENDED,2026-08-15T10:23:54.829Z,2026-08-15T10:48:54.829Z,1500,35.818311,51.029729,2026-08-15T10:23:54.829Z
b0ef83a9-6160-4157-9561-1cdcdcf58cce,03d612d9-ebba-44e5-a29e-7b12b9523418,f1a42899-ae87-44c7-9220-fe008daf1ff6,ENDED,2026-08-15T10:56:54.829Z,2026-08-15T11:36:54.829Z,2400,35.831731,51.010341,2026-08-15T10:56:54.829Z
59268038-120e-4e4c-b627-72ef40c52ee0,03d612d9-ebba-44e5-a29e-7b12b9523418,f1a42899-ae87-44c7-9220-fe008daf1ff6,ENDED,2026-08-15T11:36:54.829Z,2026-08-16T11:36:54.829Z,86400,35.831731,51.010341,2026-08-15T11:36:54.829Z
7164ea8b-f76e-41e7-9138-7f174f2da173,03d612d9-ebba-44e5-a29e-7b12b9523418,f1a42899-ae87-44c7-9220-fe008daf1ff6,ENDED,2026-08-15T18:30:00.000Z,2026-08-16T05:02:56.554Z,37977,35.831731,51.010341,2026-08-15T18:30:00.000Z
d1c3aee9-19e9-45c2-81d2-e2b2ef2c3be1,03d612d9-ebba-44e5-a29e-7b12b9523418,f1a42899-ae87-44c7-9220-fe008daf1ff6,ENDED,2026-08-16T06:17:56.554Z,2026-08-16T06:58:56.554Z,2460,35.667800,51.336286,2026-08-16T06:17:56.554Z
bf36bce2-09f2-445e-91c2-3f7cbbf15354,03d612d9-ebba-44e5-a29e-7b12b9523418,f1a42899-ae87-44c7-9220-fe008daf1ff6,ENDED,2026-08-16T08:02:26.554Z,2026-08-16T08:41:26.554Z,2340,35.784341,51.112437,2026-08-16T08:02:26.554Z
66da6149-07eb-40a7-9ef9-90c63d3e318e,03d612d9-ebba-44e5-a29e-7b12b9523418,f1a42899-ae87-44c7-9220-fe008daf1ff6,ENDED,2026-08-16T08:41:26.554Z,2026-08-17T08:41:26.554Z,86400,35.784341,51.112437,2026-08-16T08:41:26.554Z
d691c1c7-76df-494b-829a-a13fe0347281,03d612d9-ebba-44e5-a29e-7b12b9523418,f1a42899-ae87-44c7-9220-fe008daf1ff6,ENDED,2026-08-17T18:30:00.000Z,2026-08-18T03:36:45.909Z,32806,35.784341,51.112437,2026-08-17T18:30:00.000Z
03813bd7-368b-49d6-9623-98b765df0908,03d612d9-ebba-44e5-a29e-7b12b9523418,f1a42899-ae87-44c7-9220-fe008daf1ff6,ENDED,2026-08-18T04:43:15.909Z,2026-08-18T05:06:15.909Z,1380,35.756401,51.414602,2026-08-18T04:43:15.909Z
907bdb0f-36ea-4865-97b0-4c0979128b78,03d612d9-ebba-44e5-a29e-7b12b9523418,f1a42899-ae87-44c7-9220-fe008daf1ff6,ENDED,2026-08-18T06:06:45.909Z,2026-08-18T06:27:45.909Z,1260,35.814758,51.104399,2026-08-18T06:06:45.909Z
790836dc-b78e-4803-b3d6-2f15d68cc9e1,03d612d9-ebba-44e5-a29e-7b12b9523418,f1a42899-ae87-44c7-9220-fe008daf1ff6,ENDED,2026-08-18T07:40:45.909Z,2026-08-18T08:16:45.909Z,2160,35.709204,51.272712,2026-08-18T07:40:45.909Z
7fdfac12-1b53-46eb-b316-a240e8dd1846,03d612d9-ebba-44e5-a29e-7b12b9523418,f1a42899-ae87-44c7-9220-fe008daf1ff6,ENDED,2026-08-18T09:04:45.909Z,2026-08-18T09:44:45.909Z,2400,35.805492,51.066120,2026-08-18T09:04:45.909Z
63cbb1af-e4c6-482b-ba4d-10c5d2d6a80d,03d612d9-ebba-44e5-a29e-7b12b9523418,f1a42899-ae87-44c7-9220-fe008daf1ff6,ENDED,2026-08-18T09:44:45.909Z,2026-08-19T09:44:45.909Z,86400,35.805492,51.066120,2026-08-18T09:44:45.909Z
cf89c7f2-9b6c-4156-8cea-f1b6c059c9bc,03d612d9-ebba-44e5-a29e-7b12b9523418,f1a42899-ae87-44c7-9220-fe008daf1ff6,ENDED,2026-08-19T18:30:00.000Z,2026-08-20T04:14:04.373Z,35044,35.805492,51.066120,2026-08-19T18:30:00.000Z
7d5f5654-2264-47f1-9947-6b43de3283a4,03d612d9-ebba-44e5-a29e-7b12b9523418,f1a42899-ae87-44c7-9220-fe008daf1ff6,ENDED,2026-08-20T05:08:34.373Z,2026-08-20T05:49:34.373Z,2460,35.786117,51.241082,2026-08-20T05:08:34.373Z
7f2088cb-cb8a-465f-954b-06024d4e9596,03d612d9-ebba-44e5-a29e-7b12b9523418,f1a42899-ae87-44c7-9220-fe008daf1ff6,ENDED,2026-08-20T06:33:34.373Z,2026-08-20T06:58:34.373Z,1500,35.815847,51.122029,2026-08-20T06:33:34.373Z
59487a39-0aca-4856-bb72-71d650412faa,03d612d9-ebba-44e5-a29e-7b12b9523418,f1a42899-ae87-44c7-9220-fe008daf1ff6,ENDED,2026-08-20T06:58:34.373Z,2026-08-21T06:58:34.373Z,86400,35.815847,51.122029,2026-08-20T06:58:34.373Z
e8daa80d-46fa-4c57-b89f-bc027158f4f4,03d612d9-ebba-44e5-a29e-7b12b9523418,f1a42899-ae87-44c7-9220-fe008daf1ff6,ENDED,2026-08-20T18:30:00.000Z,2026-08-21T02:34:02.624Z,29043,35.815847,51.122029,2026-08-20T18:30:00.000Z
3dec333e-ad13-4afa-95d6-349bf8785444,03d612d9-ebba-44e5-a29e-7b12b9523418,f1a42899-ae87-44c7-9220-fe008daf1ff6,ENDED,2026-08-21T03:40:02.624Z,2026-08-21T04:00:02.624Z,1200,35.685717,51.403045,2026-08-21T03:40:02.624Z
0c474027-35d7-4b90-9e08-9930e3bae023,03d612d9-ebba-44e5-a29e-7b12b9523418,f1a42899-ae87-44c7-9220-fe008daf1ff6,ENDED,2026-08-21T04:27:32.624Z,2026-08-21T04:38:32.624Z,660,35.725435,51.477947,2026-08-21T04:27:32.624Z
5cd0d128-8e68-45fc-9012-98a6171ee0db,03d612d9-ebba-44e5-a29e-7b12b9523418,f1a42899-ae87-44c7-9220-fe008daf1ff6,ENDED,2026-08-21T05:04:32.624Z,2026-08-21T05:30:32.624Z,1560,35.672190,51.425824,2026-08-21T05:04:32.624Z
c6388bb1-31c1-4831-8c07-635837597a5f,03d612d9-ebba-44e5-a29e-7b12b9523418,f1a42899-ae87-44c7-9220-fe008daf1ff6,ENDED,2026-08-21T06:49:32.624Z,2026-08-21T07:20:32.624Z,1860,35.796010,51.107892,2026-08-21T06:49:32.624Z
e687180e-3509-4adb-aaa7-0a698f084a3c,03d612d9-ebba-44e5-a29e-7b12b9523418,f1a42899-ae87-44c7-9220-fe008daf1ff6,ENDED,2026-08-21T07:20:32.624Z,2026-08-22T07:20:32.624Z,86400,35.796010,51.107892,2026-08-21T07:20:32.624Z
c4d25145-a425-4616-9ba0-8bc6181712b9,03d612d9-ebba-44e5-a29e-7b12b9523418,f1a42899-ae87-44c7-9220-fe008daf1ff6,ENDED,2026-08-21T18:30:00.000Z,2026-08-22T03:35:00.646Z,32701,35.796010,51.107892,2026-08-21T18:30:00.000Z
a5c7ffa7-ddda-40bb-99ec-d5d85e047e4d,03d612d9-ebba-44e5-a29e-7b12b9523418,f1a42899-ae87-44c7-9220-fe008daf1ff6,ENDED,2026-08-22T04:38:00.646Z,2026-08-22T04:52:00.646Z,840,35.672525,51.334808,2026-08-22T04:38:00.646Z
167fdcd9-e321-4b6c-ac06-c3419c19383f,03d612d9-ebba-44e5-a29e-7b12b9523418,f1a42899-ae87-44c7-9220-fe008daf1ff6,ENDED,2026-08-22T05:57:30.646Z,2026-08-22T06:30:30.646Z,1980,35.758400,51.169327,2026-08-22T05:57:30.646Z
d6fa3d00-d230-4a28-acf7-ebe778f5537c,03d612d9-ebba-44e5-a29e-7b12b9523418,f1a42899-ae87-44c7-9220-fe008daf1ff6,ENDED,2026-08-22T07:35:00.646Z,2026-08-22T07:53:00.646Z,1080,35.747087,51.366157,2026-08-22T07:35:00.646Z
9d9b85df-0ef3-4632-8ed7-cb48912abc50,03d612d9-ebba-44e5-a29e-7b12b9523418,f1a42899-ae87-44c7-9220-fe008daf1ff6,ENDED,2026-08-22T08:58:00.646Z,2026-08-22T09:19:00.646Z,1260,35.790781,51.182608,2026-08-22T08:58:00.646Z
f7a9132e-9711-4242-b18a-66ec5502a707,03d612d9-ebba-44e5-a29e-7b12b9523418,f1a42899-ae87-44c7-9220-fe008daf1ff6,ENDED,2026-08-22T10:19:30.646Z,2026-08-22T10:48:30.646Z,1740,35.670083,51.357149,2026-08-22T10:19:30.646Z
0799b64e-d71e-4d67-8b4d-5267b1c90dc2,03d612d9-ebba-44e5-a29e-7b12b9523418,f1a42899-ae87-44c7-9220-fe008daf1ff6,ENDED,2026-08-22T11:08:30.646Z,2026-08-22T11:39:30.646Z,1860,35.621759,51.421546,2026-08-22T11:08:30.646Z
23c65d8d-0aa2-4ff3-9fb4-828a7697c9ac,03d612d9-ebba-44e5-a29e-7b12b9523418,f1a42899-ae87-44c7-9220-fe008daf1ff6,ENDED,2026-08-22T11:39:30.646Z,2026-08-23T11:39:30.646Z,86400,35.621759,51.421546,2026-08-22T11:39:30.646Z
b8e962c9-fb51-4922-9490-20046dc41f0e,03d612d9-ebba-44e5-a29e-7b12b9523418,f1a42899-ae87-44c7-9220-fe008daf1ff6,ENDED,2026-08-22T18:30:00.000Z,2026-08-23T02:47:34.846Z,29855,35.621759,51.421546,2026-08-22T18:30:00.000Z
ee6d1281-a49d-47f5-8f30-dd22a86e7aeb,03d612d9-ebba-44e5-a29e-7b12b9523418,f1a42899-ae87-44c7-9220-fe008daf1ff6,ENDED,2026-08-23T02:57:34.846Z,2026-08-23T03:29:34.846Z,1920,35.610000,51.434722,2026-08-23T02:57:34.846Z
1cf5eca3-589e-443c-ba04-1e1f9d11be8f,03d612d9-ebba-44e5-a29e-7b12b9523418,f1a42899-ae87-44c7-9220-fe008daf1ff6,ENDED,2026-08-23T04:44:34.846Z,2026-08-23T05:18:34.846Z,2040,35.760836,51.143223,2026-08-23T04:44:34.846Z
0fcb0d47-725e-4adc-9dba-b827a5737352,03d612d9-ebba-44e5-a29e-7b12b9523418,f1a42899-ae87-44c7-9220-fe008daf1ff6,ENDED,2026-08-23T06:17:34.846Z,2026-08-23T06:42:34.846Z,1500,35.755805,51.330839,2026-08-23T06:17:34.846Z
b9a2c0d0-4c9a-41b0-8249-932c1e0fa882,03d612d9-ebba-44e5-a29e-7b12b9523418,f1a42899-ae87-44c7-9220-fe008daf1ff6,ENDED,2026-08-23T07:17:34.846Z,2026-08-23T07:27:34.846Z,600,35.657172,51.409362,2026-08-23T07:17:34.846Z
8d826621-8b6f-4fcc-89c7-c878ec0f53ff,03d612d9-ebba-44e5-a29e-7b12b9523418,f1a42899-ae87-44c7-9220-fe008daf1ff6,ENDED,2026-08-23T07:27:34.846Z,2026-08-24T07:27:34.846Z,86400,35.657172,51.409362,2026-08-23T07:27:34.846Z
a35dd9cd-8dee-4aa9-bb15-3bfb8ba86bf5,03d612d9-ebba-44e5-a29e-7b12b9523418,f1a42899-ae87-44c7-9220-fe008daf1ff6,ENDED,2026-08-23T18:30:00.000Z,2026-08-24T04:57:42.430Z,37662,35.657172,51.409362,2026-08-23T18:30:00.000Z
9e0fde79-5397-4a33-a635-e89bd07fd93e,03d612d9-ebba-44e5-a29e-7b12b9523418,f1a42899-ae87-44c7-9220-fe008daf1ff6,ENDED,2026-08-24T05:25:42.430Z,2026-08-24T06:01:42.430Z,2160,35.719251,51.474910,2026-08-24T05:25:42.430Z
41bdbdbe-0e6a-469c-b56b-e619150e6ee0,03d612d9-ebba-44e5-a29e-7b12b9523418,f1a42899-ae87-44c7-9220-fe008daf1ff6,ENDED,2026-08-24T06:28:12.430Z,2026-08-24T06:51:12.430Z,1380,35.642470,51.452726,2026-08-24T06:28:12.430Z
b230a1dd-a155-4774-bb88-3e07aa29b2ac,03d612d9-ebba-44e5-a29e-7b12b9523418,f1a42899-ae87-44c7-9220-fe008daf1ff6,ENDED,2026-08-24T07:00:42.430Z,2026-08-24T07:18:42.430Z,1080,35.658412,51.431247,2026-08-24T07:00:42.430Z
7005da4d-ebec-451f-aed8-57d6593c8902,03d612d9-ebba-44e5-a29e-7b12b9523418,f1a42899-ae87-44c7-9220-fe008daf1ff6,ENDED,2026-08-24T07:41:12.430Z,2026-08-24T08:19:12.430Z,2280,35.723835,51.495186,2026-08-24T07:41:12.430Z
fd1df0db-7350-44d0-bdf0-fbb62c33cae9,03d612d9-ebba-44e5-a29e-7b12b9523418,f1a42899-ae87-44c7-9220-fe008daf1ff6,ENDED,2026-08-24T08:19:12.430Z,2026-08-25T08:19:12.430Z,86400,35.723835,51.495186,2026-08-24T08:19:12.430Z
756dfc49-0e56-4f51-a6fc-d2bda3f1572e,03d612d9-ebba-44e5-a29e-7b12b9523418,f1a42899-ae87-44c7-9220-fe008daf1ff6,ENDED,2026-08-24T18:30:00.000Z,2026-08-25T02:46:13.268Z,29773,35.723835,51.495186,2026-08-24T18:30:00.000Z
6baaa9af-be8f-468f-b598-7c4189e45d02,03d612d9-ebba-44e5-a29e-7b12b9523418,f1a42899-ae87-44c7-9220-fe008daf1ff6,ENDED,2026-08-25T03:13:13.268Z,2026-08-25T03:28:13.268Z,900,35.636087,51.450582,2026-08-25T03:13:13.268Z
e7a07fe8-6f1a-4e27-8b37-6341838e4042,03d612d9-ebba-44e5-a29e-7b12b9523418,f1a42899-ae87-44c7-9220-fe008daf1ff6,ENDED,2026-08-25T04:43:13.268Z,2026-08-25T05:20:13.268Z,2220,35.774652,51.152836,2026-08-25T04:43:13.268Z
609120e7-f7bb-45e8-b819-0222855304e1,03d612d9-ebba-44e5-a29e-7b12b9523418,f1a42899-ae87-44c7-9220-fe008daf1ff6,ENDED,2026-08-25T05:20:13.268Z,2026-08-26T05:20:13.268Z,86400,35.774652,51.152836,2026-08-25T05:20:13.268Z
e919b6f4-c0c3-4e84-becc-b30d31520223,03d612d9-ebba-44e5-a29e-7b12b9523418,f1a42899-ae87-44c7-9220-fe008daf1ff6,ENDED,2026-08-25T18:30:00.000Z,2026-08-26T02:57:51.462Z,30471,35.774652,51.152836,2026-08-25T18:30:00.000Z
de11a6a1-ec3c-4cb0-b1cb-a2bee23b8765,03d612d9-ebba-44e5-a29e-7b12b9523418,f1a42899-ae87-44c7-9220-fe008daf1ff6,ENDED,2026-08-26T03:32:21.462Z,2026-08-26T04:02:21.462Z,1800,35.715924,51.294852,2026-08-26T03:32:21.462Z
cde3de41-26d6-4f8b-a11b-750de18d6b15,03d612d9-ebba-44e5-a29e-7b12b9523418,f1a42899-ae87-44c7-9220-fe008daf1ff6,ENDED,2026-08-26T04:53:21.462Z,2026-08-26T05:07:21.462Z,840,35.811117,51.074644,2026-08-26T04:53:21.462Z
ff507ed4-03af-41af-a21d-5c7cee583d69,03d612d9-ebba-44e5-a29e-7b12b9523418,f1a42899-ae87-44c7-9220-fe008daf1ff6,ENDED,2026-08-26T06:11:21.462Z,2026-08-26T06:46:21.462Z,2100,35.709644,51.262496,2026-08-26T06:11:21.462Z
1e0b5ea4-c5bb-490f-ae50-da00fa3714b5,03d612d9-ebba-44e5-a29e-7b12b9523418,f1a42899-ae87-44c7-9220-fe008daf1ff6,ENDED,2026-08-26T07:34:21.462Z,2026-08-26T07:56:21.462Z,1320,35.773278,51.129615,2026-08-26T07:34:21.462Z
5354ba90-21b9-49a0-a56b-683dfa547fc4,03d612d9-ebba-44e5-a29e-7b12b9523418,f1a42899-ae87-44c7-9220-fe008daf1ff6,ENDED,2026-08-26T08:10:21.462Z,2026-08-26T08:45:21.462Z,2100,35.819784,51.023699,2026-08-26T08:10:21.462Z
a4cb1e83-e41d-41d3-a0e4-a42c23e2b843,03d612d9-ebba-44e5-a29e-7b12b9523418,f1a42899-ae87-44c7-9220-fe008daf1ff6,ENDED,2026-08-26T08:52:51.462Z,2026-08-26T09:27:51.462Z,2100,35.828517,51.010861,2026-08-26T08:52:51.462Z
10a690ba-3a71-4ca4-ba6d-3f53ad70e09c,03d612d9-ebba-44e5-a29e-7b12b9523418,f1a42899-ae87-44c7-9220-fe008daf1ff6,ENDED,2026-08-26T09:27:51.462Z,2026-08-26T12:27:48.318Z,10797,35.828517,51.010861,2026-08-26T09:27:51.462Z
e7c8751f-20e3-4d9a-87eb-e52b120d6d55,03d612d9-ebba-44e5-a29e-7b12b9523418,bef40f92-a139-4451-80a2-8d6bf075601d,ENDED,2026-08-11T20:30:00.000Z,2026-08-12T04:30:49.429Z,28849,35.838452,51.005089,2026-08-11T20:30:00.000Z
c59b2448-4430-44ca-92ec-0f1b2b6c71f4,03d612d9-ebba-44e5-a29e-7b12b9523418,bef40f92-a139-4451-80a2-8d6bf075601d,ENDED,2026-08-12T03:29:49.429Z,2026-08-12T03:45:49.429Z,960,35.789807,51.314290,2026-08-12T03:29:49.429Z
3adae10e-0175-4853-8409-958ed3ac5daa,03d612d9-ebba-44e5-a29e-7b12b9523418,bef40f92-a139-4451-80a2-8d6bf075601d,ENDED,2026-08-12T04:04:19.429Z,2026-08-12T04:41:19.429Z,2220,35.774402,51.381134,2026-08-12T04:04:19.429Z
4d7910cc-070f-46d9-8850-e131a3d8e144,03d612d9-ebba-44e5-a29e-7b12b9523418,bef40f92-a139-4451-80a2-8d6bf075601d,ENDED,2026-08-12T04:41:19.429Z,2026-08-13T04:41:19.429Z,86400,35.774402,51.381134,2026-08-12T04:41:19.429Z
a8a2b743-01d8-421b-ba6d-35cbe867a40e,03d612d9-ebba-44e5-a29e-7b12b9523418,bef40f92-a139-4451-80a2-8d6bf075601d,ENDED,2026-08-14T18:30:00.000Z,2026-08-15T03:31:31.827Z,32492,35.774402,51.381134,2026-08-14T18:30:00.000Z
84332a2e-2008-42da-823d-a65b8fada333,03d612d9-ebba-44e5-a29e-7b12b9523418,bef40f92-a139-4451-80a2-8d6bf075601d,ENDED,2026-08-15T03:57:31.827Z,2026-08-15T04:40:31.827Z,2580,35.747395,51.521807,2026-08-15T03:57:31.827Z
767a9fec-3ca5-466a-91ce-6f893f141ad9,03d612d9-ebba-44e5-a29e-7b12b9523418,bef40f92-a139-4451-80a2-8d6bf075601d,ENDED,2026-08-15T05:45:31.827Z,2026-08-15T06:16:31.827Z,1860,35.811077,51.176203,2026-08-15T05:45:31.827Z
df3b007a-f6df-4c56-b6a0-eb54a214cbf0,03d612d9-ebba-44e5-a29e-7b12b9523418,bef40f92-a139-4451-80a2-8d6bf075601d,ENDED,2026-08-15T06:45:31.827Z,2026-08-15T07:04:31.827Z,1140,35.773927,51.287092,2026-08-15T06:45:31.827Z
9045a8e8-5487-4d30-9bfd-3aecd4c9a264,03d612d9-ebba-44e5-a29e-7b12b9523418,bef40f92-a139-4451-80a2-8d6bf075601d,ENDED,2026-08-15T07:44:01.827Z,2026-08-15T08:16:01.827Z,1920,35.825979,51.070418,2026-08-15T07:44:01.827Z
2ca64a16-fedb-4dda-a41b-6121f51e73b0,03d612d9-ebba-44e5-a29e-7b12b9523418,bef40f92-a139-4451-80a2-8d6bf075601d,ENDED,2026-08-15T08:30:31.827Z,2026-08-15T08:42:31.827Z,720,35.828956,51.016446,2026-08-15T08:30:31.827Z
162bd94f-19c0-43d2-b9db-3117c5542c4f,03d612d9-ebba-44e5-a29e-7b12b9523418,bef40f92-a139-4451-80a2-8d6bf075601d,ENDED,2026-08-15T08:49:01.827Z,2026-08-15T09:06:01.827Z,1020,35.838184,51.004620,2026-08-15T08:49:01.827Z
65d486ca-73c1-42b7-9336-395e9350ea12,03d612d9-ebba-44e5-a29e-7b12b9523418,bef40f92-a139-4451-80a2-8d6bf075601d,ENDED,2026-08-15T09:06:01.827Z,2026-08-16T09:06:01.827Z,86400,35.838184,51.004620,2026-08-15T09:06:01.827Z
c17e0023-8397-4551-9cc5-b8a831d69e90,03d612d9-ebba-44e5-a29e-7b12b9523418,bef40f92-a139-4451-80a2-8d6bf075601d,ENDED,2026-08-15T18:30:00.000Z,2026-08-16T04:42:51.575Z,36772,35.838184,51.004620,2026-08-15T18:30:00.000Z
c34c607d-7725-4015-9f1a-87b02bbda88d,03d612d9-ebba-44e5-a29e-7b12b9523418,bef40f92-a139-4451-80a2-8d6bf075601d,ENDED,2026-08-16T06:00:21.575Z,2026-08-16T06:24:21.575Z,1440,35.760117,51.426474,2026-08-16T06:00:21.575Z
4cb951b2-cd6b-4a7f-b88f-a4d038f1c376,03d612d9-ebba-44e5-a29e-7b12b9523418,bef40f92-a139-4451-80a2-8d6bf075601d,ENDED,2026-08-16T06:44:21.575Z,2026-08-16T07:08:21.575Z,1440,35.750495,51.499290,2026-08-16T06:44:21.575Z
e148812a-240a-416c-a04e-d0992fb62738,03d612d9-ebba-44e5-a29e-7b12b9523418,bef40f92-a139-4451-80a2-8d6bf075601d,ENDED,2026-08-16T07:27:21.575Z,2026-08-16T07:46:21.575Z,1140,35.743016,51.544420,2026-08-16T07:27:21.575Z
d592237b-c91a-4fe4-89bf-bd89d26fadff,03d612d9-ebba-44e5-a29e-7b12b9523418,bef40f92-a139-4451-80a2-8d6bf075601d,ENDED,2026-08-16T08:55:51.575Z,2026-08-16T09:35:51.575Z,2400,35.813363,51.138135,2026-08-16T08:55:51.575Z
862e0449-9bb6-4dd1-8e68-148c42662d15,03d612d9-ebba-44e5-a29e-7b12b9523418,bef40f92-a139-4451-80a2-8d6bf075601d,ENDED,2026-08-16T10:09:51.575Z,2026-08-16T10:49:51.575Z,2400,35.540673,51.144023,2026-08-16T10:09:51.575Z
da517fed-6ec7-4807-a20d-d79dbef5222f,03d612d9-ebba-44e5-a29e-7b12b9523418,bef40f92-a139-4451-80a2-8d6bf075601d,ENDED,2026-08-16T11:40:51.575Z,2026-08-16T12:11:51.575Z,1860,35.692802,51.070246,2026-08-16T11:40:51.575Z
4177f3de-4127-4b0a-94a0-0c3a9595cbc1,03d612d9-ebba-44e5-a29e-7b12b9523418,bef40f92-a139-4451-80a2-8d6bf075601d,ENDED,2026-08-16T12:11:51.575Z,2026-08-17T12:11:51.575Z,86400,35.692802,51.070246,2026-08-16T12:11:51.575Z
acda4cd8-a779-494d-ba43-29585a8a3ff9,03d612d9-ebba-44e5-a29e-7b12b9523418,bef40f92-a139-4451-80a2-8d6bf075601d,ENDED,2026-08-16T18:30:00.000Z,2026-08-17T04:56:33.341Z,37593,35.692802,51.070246,2026-08-16T18:30:00.000Z
c6e5e083-c2b6-40a0-bea8-5fc6548cd93e,03d612d9-ebba-44e5-a29e-7b12b9523418,bef40f92-a139-4451-80a2-8d6bf075601d,ENDED,2026-08-17T06:00:33.341Z,2026-08-17T06:35:33.341Z,2100,35.724583,51.399201,2026-08-17T06:00:33.341Z
f63e3dd9-8d51-497f-9c37-032102143e1e,03d612d9-ebba-44e5-a29e-7b12b9523418,bef40f92-a139-4451-80a2-8d6bf075601d,ENDED,2026-08-17T07:30:03.341Z,2026-08-17T07:40:03.341Z,600,35.802948,51.132035,2026-08-17T07:30:03.341Z
032561e2-fe52-4baa-a943-14b64cee6161,03d612d9-ebba-44e5-a29e-7b12b9523418,bef40f92-a139-4451-80a2-8d6bf075601d,ENDED,2026-08-17T07:40:03.341Z,2026-08-18T07:40:03.341Z,86400,35.802948,51.132035,2026-08-17T07:40:03.341Z
3caa97cd-5bf8-4634-a0e7-9a6071b2d79f,03d612d9-ebba-44e5-a29e-7b12b9523418,bef40f92-a139-4451-80a2-8d6bf075601d,ENDED,2026-08-17T18:30:00.000Z,2026-08-18T03:23:57.093Z,32037,35.802948,51.132035,2026-08-17T18:30:00.000Z
8dffa93d-8327-4eb6-b9c3-16cff6b3d416,03d612d9-ebba-44e5-a29e-7b12b9523418,bef40f92-a139-4451-80a2-8d6bf075601d,ENDED,2026-08-18T04:06:57.093Z,2026-08-18T04:26:57.093Z,1200,35.776783,51.345075,2026-08-18T04:06:57.093Z
9aaebbd3-e6a2-4254-b56c-b317e0019406,03d612d9-ebba-44e5-a29e-7b12b9523418,bef40f92-a139-4451-80a2-8d6bf075601d,ENDED,2026-08-18T05:08:27.093Z,2026-08-18T05:18:27.093Z,600,35.819415,51.113533,2026-08-18T05:08:27.093Z
6230cb6f-bf5b-477e-aee0-451d3d816ef9,03d612d9-ebba-44e5-a29e-7b12b9523418,bef40f92-a139-4451-80a2-8d6bf075601d,ENDED,2026-08-18T05:58:27.093Z,2026-08-18T06:30:27.093Z,1920,35.797519,51.265157,2026-08-18T05:58:27.093Z
c13c5690-b38d-4832-8921-a1666e2df41f,03d612d9-ebba-44e5-a29e-7b12b9523418,bef40f92-a139-4451-80a2-8d6bf075601d,ENDED,2026-08-18T07:15:57.093Z,2026-08-18T07:53:57.093Z,2280,35.829573,51.068735,2026-08-18T07:15:57.093Z
d6c1b7e9-4200-4f0b-b3bc-d7cff9f50bd9,03d612d9-ebba-44e5-a29e-7b12b9523418,bef40f92-a139-4451-80a2-8d6bf075601d,ENDED,2026-08-18T07:53:57.093Z,2026-08-19T07:53:57.093Z,86400,35.829573,51.068735,2026-08-18T07:53:57.093Z
e4f737fc-2ff9-454f-9c29-672b80bda39a,03d612d9-ebba-44e5-a29e-7b12b9523418,bef40f92-a139-4451-80a2-8d6bf075601d,ENDED,2026-08-18T18:30:00.000Z,2026-08-19T03:41:17.040Z,33077,35.829573,51.068735,2026-08-18T18:30:00.000Z
b1beb9fb-cdaf-43bb-84dd-1482de63a60b,03d612d9-ebba-44e5-a29e-7b12b9523418,bef40f92-a139-4451-80a2-8d6bf075601d,ENDED,2026-08-19T04:43:17.040Z,2026-08-19T05:12:17.040Z,1740,35.781483,51.316391,2026-08-19T04:43:17.040Z
e5a16447-b96e-4247-b5f2-43f45f81279d,03d612d9-ebba-44e5-a29e-7b12b9523418,bef40f92-a139-4451-80a2-8d6bf075601d,ENDED,2026-08-19T05:51:47.040Z,2026-08-19T06:29:47.040Z,2280,35.817906,51.105733,2026-08-19T05:51:47.040Z
4d7d2bbd-7e2f-4746-a49c-f330b6d9cc4d,03d612d9-ebba-44e5-a29e-7b12b9523418,bef40f92-a139-4451-80a2-8d6bf075601d,ENDED,2026-08-19T07:11:17.040Z,2026-08-19T07:25:17.040Z,840,35.794083,51.264188,2026-08-19T07:11:17.040Z
d3abdb0b-2d26-4211-89ba-bdd9dcf002ba,03d612d9-ebba-44e5-a29e-7b12b9523418,bef40f92-a139-4451-80a2-8d6bf075601d,ENDED,2026-08-19T08:05:47.040Z,2026-08-19T08:40:47.040Z,2100,35.828856,51.068296,2026-08-19T08:05:47.040Z
bba81447-f7fb-4b4a-9119-723a2e4909d5,03d612d9-ebba-44e5-a29e-7b12b9523418,bef40f92-a139-4451-80a2-8d6bf075601d,ENDED,2026-08-19T08:40:47.040Z,2026-08-20T08:40:47.040Z,86400,35.828856,51.068296,2026-08-19T08:40:47.040Z
0648b221-499f-4ffb-9463-2cd224f9e8ef,03d612d9-ebba-44e5-a29e-7b12b9523418,bef40f92-a139-4451-80a2-8d6bf075601d,ENDED,2026-08-20T18:30:00.000Z,2026-08-21T04:35:28.016Z,36328,35.828856,51.068296,2026-08-20T18:30:00.000Z
0f8a3d1c-9ac3-48c2-b40b-3f85c1211648,03d612d9-ebba-44e5-a29e-7b12b9523418,bef40f92-a139-4451-80a2-8d6bf075601d,ENDED,2026-08-21T05:08:58.016Z,2026-08-21T05:35:58.016Z,1620,35.781914,51.248463,2026-08-21T05:08:58.016Z
82fac82b-b1ee-4740-8a6d-0e34dc0dad93,03d612d9-ebba-44e5-a29e-7b12b9523418,bef40f92-a139-4451-80a2-8d6bf075601d,ENDED,2026-08-21T06:09:28.016Z,2026-08-21T06:20:28.016Z,660,35.809143,51.124778,2026-08-21T06:09:28.016Z
36d1328e-4933-4aff-a0f4-560fc57325c5,03d612d9-ebba-44e5-a29e-7b12b9523418,bef40f92-a139-4451-80a2-8d6bf075601d,ENDED,2026-08-21T07:23:28.016Z,2026-08-21T07:57:28.016Z,2040,35.770178,51.347987,2026-08-21T07:23:28.016Z
e8372c9e-d592-4721-a04b-d49adbf646a4,03d612d9-ebba-44e5-a29e-7b12b9523418,bef40f92-a139-4451-80a2-8d6bf075601d,ENDED,2026-08-21T08:48:28.016Z,2026-08-21T09:02:28.016Z,840,35.822516,51.088876,2026-08-21T08:48:28.016Z
23b83905-2a2c-473d-8863-b2b346e2ddaa,03d612d9-ebba-44e5-a29e-7b12b9523418,bef40f92-a139-4451-80a2-8d6bf075601d,ENDED,2026-08-21T09:02:28.016Z,2026-08-22T09:02:28.016Z,86400,35.822516,51.088876,2026-08-21T09:02:28.016Z
f6471731-fe47-4de1-9415-7b38bcb29166,03d612d9-ebba-44e5-a29e-7b12b9523418,bef40f92-a139-4451-80a2-8d6bf075601d,ENDED,2026-08-21T18:30:00.000Z,2026-08-22T03:03:34.967Z,30815,35.822516,51.088876,2026-08-21T18:30:00.000Z
2650d5a8-0a48-4095-88e6-53fadc21f663,03d612d9-ebba-44e5-a29e-7b12b9523418,bef40f92-a139-4451-80a2-8d6bf075601d,ENDED,2026-08-22T04:05:04.967Z,2026-08-22T04:40:04.967Z,2100,35.776190,51.327565,2026-08-22T04:05:04.967Z
166dae22-26e6-410a-83cd-f1c12ded9da4,03d612d9-ebba-44e5-a29e-7b12b9523418,bef40f92-a139-4451-80a2-8d6bf075601d,ENDED,2026-08-22T05:27:04.967Z,2026-08-22T05:45:04.967Z,1080,35.825397,51.084328,2026-08-22T05:27:04.967Z
a7f7cc56-4163-4f94-b856-96e5c1a6144d,03d612d9-ebba-44e5-a29e-7b12b9523418,bef40f92-a139-4451-80a2-8d6bf075601d,ENDED,2026-08-22T06:30:34.967Z,2026-08-22T06:52:34.967Z,1320,35.786581,51.304404,2026-08-22T06:30:34.967Z
a2d4dff6-4774-4f31-8445-f551498c45ac,03d612d9-ebba-44e5-a29e-7b12b9523418,bef40f92-a139-4451-80a2-8d6bf075601d,ENDED,2026-08-22T07:34:04.967Z,2026-08-22T08:12:04.967Z,2280,35.815082,51.149814,2026-08-22T07:34:04.967Z
5f545a49-cd8c-43b0-94a7-cf38beb41e2e,03d612d9-ebba-44e5-a29e-7b12b9523418,bef40f92-a139-4451-80a2-8d6bf075601d,ENDED,2026-08-22T08:12:04.967Z,2026-08-23T08:12:04.967Z,86400,35.815082,51.149814,2026-08-22T08:12:04.967Z
7d071b70-e25d-4c96-a0c5-d16d7b09d6de,03d612d9-ebba-44e5-a29e-7b12b9523418,bef40f92-a139-4451-80a2-8d6bf075601d,ENDED,2026-08-22T18:30:00.000Z,2026-08-23T03:27:06.048Z,32226,35.815082,51.149814,2026-08-22T18:30:00.000Z
d4335b24-14ff-4986-a085-6bfd768d0b2c,03d612d9-ebba-44e5-a29e-7b12b9523418,bef40f92-a139-4451-80a2-8d6bf075601d,ENDED,2026-08-23T04:12:36.048Z,2026-08-23T04:49:36.048Z,2220,35.743456,51.291198,2026-08-23T04:12:36.048Z
9f391b30-887c-4698-baeb-9ac94990ec04,03d612d9-ebba-44e5-a29e-7b12b9523418,bef40f92-a139-4451-80a2-8d6bf075601d,ENDED,2026-08-23T05:09:36.048Z,2026-08-23T05:28:36.048Z,1140,35.760444,51.376216,2026-08-23T05:09:36.048Z
90bf1896-d172-4f01-bd30-32c372e999ee,03d612d9-ebba-44e5-a29e-7b12b9523418,bef40f92-a139-4451-80a2-8d6bf075601d,ENDED,2026-08-23T05:28:36.048Z,2026-08-24T05:28:36.048Z,86400,35.760444,51.376216,2026-08-23T05:28:36.048Z
3ddcc25c-babc-4f70-84b3-059542ce80b8,03d612d9-ebba-44e5-a29e-7b12b9523418,bef40f92-a139-4451-80a2-8d6bf075601d,ENDED,2026-08-23T18:30:00.000Z,2026-08-24T02:51:27.859Z,30088,35.760444,51.376216,2026-08-23T18:30:00.000Z
715859b9-ba2b-4e9a-ba04-6e9c960e47b0,03d612d9-ebba-44e5-a29e-7b12b9523418,bef40f92-a139-4451-80a2-8d6bf075601d,ENDED,2026-08-24T03:08:57.859Z,2026-08-24T03:40:57.859Z,1920,35.781392,51.408112,2026-08-24T03:08:57.859Z
a9eb4cae-058e-4def-bfbc-bd2c5a27fc99,03d612d9-ebba-44e5-a29e-7b12b9523418,bef40f92-a139-4451-80a2-8d6bf075601d,ENDED,2026-08-24T04:33:57.859Z,2026-08-24T04:52:57.859Z,1140,35.817907,51.135037,2026-08-24T04:33:57.859Z
02173edf-2c75-4020-977c-eabb7c8f76ac,03d612d9-ebba-44e5-a29e-7b12b9523418,bef40f92-a139-4451-80a2-8d6bf075601d,ENDED,2026-08-24T04:52:57.859Z,2026-08-25T04:52:57.859Z,86400,35.817907,51.135037,2026-08-24T04:52:57.859Z
1529fb3a-6a32-4ecf-b1ef-6eaea7c04b7f,03d612d9-ebba-44e5-a29e-7b12b9523418,bef40f92-a139-4451-80a2-8d6bf075601d,ENDED,2026-08-24T18:30:00.000Z,2026-08-25T03:40:41.798Z,33042,35.817907,51.135037,2026-08-24T18:30:00.000Z
c858745d-5938-408d-9d03-60da15045172,03d612d9-ebba-44e5-a29e-7b12b9523418,bef40f92-a139-4451-80a2-8d6bf075601d,ENDED,2026-08-25T04:40:11.798Z,2026-08-25T05:06:11.798Z,1560,35.754967,51.455632,2026-08-25T04:40:11.798Z
67aafe6a-46e6-450e-ac07-06b3af7cc88b,03d612d9-ebba-44e5-a29e-7b12b9523418,bef40f92-a139-4451-80a2-8d6bf075601d,ENDED,2026-08-25T06:14:41.798Z,2026-08-25T06:31:41.798Z,1020,35.815069,51.113789,2026-08-25T06:14:41.798Z
d20b5a22-5774-477f-8e66-f49eb94d1e7c,03d612d9-ebba-44e5-a29e-7b12b9523418,bef40f92-a139-4451-80a2-8d6bf075601d,ENDED,2026-08-25T06:48:41.798Z,2026-08-25T07:11:41.798Z,1380,35.833591,51.020159,2026-08-25T06:48:41.798Z
4f646c06-14c7-4054-a9a9-0f30398d45fd,03d612d9-ebba-44e5-a29e-7b12b9523418,bef40f92-a139-4451-80a2-8d6bf075601d,ENDED,2026-08-25T07:18:41.798Z,2026-08-25T07:36:41.798Z,1080,35.837507,51.005796,2026-08-25T07:18:41.798Z
af86a96a-d804-49f2-b742-4773a9956c15,03d612d9-ebba-44e5-a29e-7b12b9523418,bef40f92-a139-4451-80a2-8d6bf075601d,ENDED,2026-08-25T08:48:41.798Z,2026-08-25T09:19:41.798Z,1860,35.765189,51.425434,2026-08-25T08:48:41.798Z
9c945542-ba21-49de-b5e5-5583185bf2f8,03d612d9-ebba-44e5-a29e-7b12b9523418,bef40f92-a139-4451-80a2-8d6bf075601d,ENDED,2026-08-25T10:16:11.798Z,2026-08-25T10:45:11.798Z,1740,35.803790,51.211847,2026-08-25T10:16:11.798Z
1ff2b94e-5fbc-4b13-85f5-b0287f90a437,03d612d9-ebba-44e5-a29e-7b12b9523418,bef40f92-a139-4451-80a2-8d6bf075601d,ENDED,2026-08-25T10:45:11.798Z,2026-08-26T10:45:11.798Z,86400,35.803790,51.211847,2026-08-25T10:45:11.798Z
e5930cf5-9681-4161-b768-36283161f21d,03d612d9-ebba-44e5-a29e-7b12b9523418,bef40f92-a139-4451-80a2-8d6bf075601d,ENDED,2026-08-25T18:30:00.000Z,2026-08-26T03:16:50.196Z,31610,35.803790,51.211847,2026-08-25T18:30:00.000Z
08013160-1a75-4a86-aa5f-a94c26c37fe2,03d612d9-ebba-44e5-a29e-7b12b9523418,bef40f92-a139-4451-80a2-8d6bf075601d,ENDED,2026-08-26T03:44:20.196Z,2026-08-26T04:04:20.196Z,1200,35.779192,51.348636,2026-08-26T03:44:20.196Z
c405a281-9127-4303-b826-beef6022b1d1,03d612d9-ebba-44e5-a29e-7b12b9523418,bef40f92-a139-4451-80a2-8d6bf075601d,ENDED,2026-08-26T04:53:50.196Z,2026-08-26T05:20:50.196Z,1620,35.821941,51.086111,2026-08-26T04:53:50.196Z
ea1f373d-131e-419e-a0b4-1e7c4598d8e7,03d612d9-ebba-44e5-a29e-7b12b9523418,bef40f92-a139-4451-80a2-8d6bf075601d,ENDED,2026-08-26T06:06:20.196Z,2026-08-26T06:19:20.196Z,780,35.798145,51.254749,2026-08-26T06:06:20.196Z
8fedab74-cf87-4fa3-b8c6-446687779e82,03d612d9-ebba-44e5-a29e-7b12b9523418,bef40f92-a139-4451-80a2-8d6bf075601d,ENDED,2026-08-26T06:54:50.196Z,2026-08-26T07:33:50.196Z,2340,35.815840,51.124657,2026-08-26T06:54:50.196Z
37e465e3-df05-4534-9693-a147d5a435f9,03d612d9-ebba-44e5-a29e-7b12b9523418,bef40f92-a139-4451-80a2-8d6bf075601d,ENDED,2026-08-26T08:32:50.196Z,2026-08-26T08:49:50.196Z,1020,35.773700,51.344190,2026-08-26T08:32:50.196Z
e5738813-c6ea-4f84-b18a-472e35dda2b3,03d612d9-ebba-44e5-a29e-7b12b9523418,bef40f92-a139-4451-80a2-8d6bf075601d,ENDED,2026-08-26T09:35:50.196Z,2026-08-26T09:52:50.196Z,1020,35.820954,51.083157,2026-08-26T09:35:50.196Z
9f01fe0f-13b3-40b8-8ce6-20879bcff5c4,03d612d9-ebba-44e5-a29e-7b12b9523418,bef40f92-a139-4451-80a2-8d6bf075601d,ENDED,2026-08-26T09:52:50.196Z,2026-08-26T12:27:48.318Z,9298,35.820954,51.083157,2026-08-26T09:52:50.196Z
d912821d-d946-4f90-80a9-7a9ae2248fbf,03d612d9-ebba-44e5-a29e-7b12b9523418,94c794c5-8a08-496a-8d56-ad8751d26416,ENDED,2026-08-11T20:30:00.000Z,2026-08-12T06:34:14.154Z,36254,35.770266,51.460750,2026-08-11T20:30:00.000Z
2fdcede0-4bfa-4c37-9a28-e683fe1d96df,03d612d9-ebba-44e5-a29e-7b12b9523418,94c794c5-8a08-496a-8d56-ad8751d26416,ENDED,2026-08-12T05:06:14.154Z,2026-08-12T05:33:14.154Z,1620,35.692579,51.422877,2026-08-12T05:06:14.154Z
711d0e64-9663-46f7-9f32-992624631348,03d612d9-ebba-44e5-a29e-7b12b9523418,94c794c5-8a08-496a-8d56-ad8751d26416,ENDED,2026-08-12T05:55:14.154Z,2026-08-12T06:05:14.154Z,600,35.636191,51.385980,2026-08-12T05:55:14.154Z
dc77b5e2-0f01-4918-93f8-405ba3194430,03d612d9-ebba-44e5-a29e-7b12b9523418,94c794c5-8a08-496a-8d56-ad8751d26416,ENDED,2026-08-12T06:05:14.154Z,2026-08-13T06:05:14.154Z,86400,35.636191,51.385980,2026-08-12T06:05:14.154Z
8717488f-51fc-4911-a741-cfcdb31edeb0,03d612d9-ebba-44e5-a29e-7b12b9523418,94c794c5-8a08-496a-8d56-ad8751d26416,ENDED,2026-08-12T18:30:00.000Z,2026-08-13T04:26:48.679Z,35809,35.636191,51.385980,2026-08-12T18:30:00.000Z
3e9d6770-eedb-4266-8360-0e543fe54ff8,03d612d9-ebba-44e5-a29e-7b12b9523418,94c794c5-8a08-496a-8d56-ad8751d26416,ENDED,2026-08-13T04:32:18.679Z,2026-08-13T05:03:18.679Z,1860,35.624835,51.380117,2026-08-13T04:32:18.679Z
72cc3a02-cf6c-48fa-b3fd-99290573ea9a,03d612d9-ebba-44e5-a29e-7b12b9523418,94c794c5-8a08-496a-8d56-ad8751d26416,ENDED,2026-08-13T05:33:18.679Z,2026-08-13T06:10:18.679Z,2220,35.701941,51.419578,2026-08-13T05:33:18.679Z
9ff17a13-8a5f-4a69-90fc-078e4c1da726,03d612d9-ebba-44e5-a29e-7b12b9523418,94c794c5-8a08-496a-8d56-ad8751d26416,ENDED,2026-08-13T06:10:18.679Z,2026-08-14T06:10:18.679Z,86400,35.701941,51.419578,2026-08-13T06:10:18.679Z
208dcd15-226f-4bf3-99b0-67d8ff667498,03d612d9-ebba-44e5-a29e-7b12b9523418,94c794c5-8a08-496a-8d56-ad8751d26416,ENDED,2026-08-14T18:30:00.000Z,2026-08-15T03:00:46.983Z,30647,35.701941,51.419578,2026-08-14T18:30:00.000Z
64de7e0e-abb0-4902-9bc4-693936def5ec,03d612d9-ebba-44e5-a29e-7b12b9523418,94c794c5-8a08-496a-8d56-ad8751d26416,ENDED,2026-08-15T03:24:16.983Z,2026-08-15T03:36:16.983Z,720,35.734296,51.477962,2026-08-15T03:24:16.983Z
5025a94f-3a10-4540-869a-42e8d3f5e6ca,03d612d9-ebba-44e5-a29e-7b12b9523418,94c794c5-8a08-496a-8d56-ad8751d26416,ENDED,2026-08-15T03:48:16.983Z,2026-08-15T03:59:16.983Z,660,35.761670,51.461181,2026-08-15T03:48:16.983Z
e060faa1-d35d-4e78-90eb-1bfc2494b1b2,03d612d9-ebba-44e5-a29e-7b12b9523418,94c794c5-8a08-496a-8d56-ad8751d26416,ENDED,2026-08-15T04:32:46.983Z,2026-08-15T05:05:46.983Z,1980,35.662603,51.408432,2026-08-15T04:32:46.983Z
81b596e2-c2e0-45e9-bccb-abae130777ae,03d612d9-ebba-44e5-a29e-7b12b9523418,94c794c5-8a08-496a-8d56-ad8751d26416,ENDED,2026-08-15T05:32:46.983Z,2026-08-15T05:57:46.983Z,1500,35.717019,51.436593,2026-08-15T05:32:46.983Z
b27bf2b1-45da-402a-bc2b-b9b7099fbe1e,03d612d9-ebba-44e5-a29e-7b12b9523418,94c794c5-8a08-496a-8d56-ad8751d26416,ENDED,2026-08-15T05:57:46.983Z,2026-08-16T05:57:46.983Z,86400,35.717019,51.436593,2026-08-15T05:57:46.983Z
fea1a93b-b17e-4532-8ead-adb970a35ea2,03d612d9-ebba-44e5-a29e-7b12b9523418,94c794c5-8a08-496a-8d56-ad8751d26416,ENDED,2026-08-15T18:30:00.000Z,2026-08-16T03:01:07.402Z,30667,35.717019,51.436593,2026-08-15T18:30:00.000Z
a5ea16d7-e424-43fe-97ae-ec614d77bb55,03d612d9-ebba-44e5-a29e-7b12b9523418,94c794c5-8a08-496a-8d56-ad8751d26416,ENDED,2026-08-16T03:21:07.402Z,2026-08-16T03:43:07.402Z,1320,35.677504,51.409935,2026-08-16T03:21:07.402Z
6c48dc26-3c3b-4c2a-a928-888ab14fa7b6,03d612d9-ebba-44e5-a29e-7b12b9523418,94c794c5-8a08-496a-8d56-ad8751d26416,ENDED,2026-08-16T04:11:37.402Z,2026-08-16T04:51:37.402Z,2400,35.724154,51.439984,2026-08-16T04:11:37.402Z
f081b3ac-04d8-40df-8686-eaecff174bd1,03d612d9-ebba-44e5-a29e-7b12b9523418,94c794c5-8a08-496a-8d56-ad8751d26416,ENDED,2026-08-16T05:14:37.402Z,2026-08-16T05:46:37.402Z,1920,35.670137,51.407644,2026-08-16T05:14:37.402Z
93ef1f90-b2fb-49a9-b164-66ea2a15ebba,03d612d9-ebba-44e5-a29e-7b12b9523418,94c794c5-8a08-496a-8d56-ad8751d26416,ENDED,2026-08-16T06:07:37.402Z,2026-08-16T06:23:37.402Z,960,35.739068,51.442352,2026-08-16T06:07:37.402Z
753fa49d-cfd2-490c-b37c-916a7a0d1c8e,03d612d9-ebba-44e5-a29e-7b12b9523418,94c794c5-8a08-496a-8d56-ad8751d26416,ENDED,2026-08-16T06:23:37.402Z,2026-08-17T06:23:37.402Z,86400,35.739068,51.442352,2026-08-16T06:23:37.402Z
89c2a941-e43d-4d88-93a8-61281d23be70,03d612d9-ebba-44e5-a29e-7b12b9523418,94c794c5-8a08-496a-8d56-ad8751d26416,ENDED,2026-08-16T18:30:00.000Z,2026-08-17T02:52:34.125Z,30154,35.739068,51.442352,2026-08-16T18:30:00.000Z
b016298b-0328-4d78-8fef-613e6e83800c,03d612d9-ebba-44e5-a29e-7b12b9523418,94c794c5-8a08-496a-8d56-ad8751d26416,ENDED,2026-08-17T03:17:34.125Z,2026-08-17T03:59:34.125Z,2520,35.663693,51.399565,2026-08-17T03:17:34.125Z
a050223d-1851-4469-84fc-5247647c584b,03d612d9-ebba-44e5-a29e-7b12b9523418,94c794c5-8a08-496a-8d56-ad8751d26416,ENDED,2026-08-17T04:25:04.125Z,2026-08-17T05:00:04.125Z,2100,35.719449,51.433151,2026-08-17T04:25:04.125Z
f06b9ca1-189c-40b1-b429-e6c1acbccf4e,03d612d9-ebba-44e5-a29e-7b12b9523418,94c794c5-8a08-496a-8d56-ad8751d26416,ENDED,2026-08-17T05:21:04.125Z,2026-08-17T06:03:04.125Z,2520,35.657535,51.401976,2026-08-17T05:21:04.125Z
e97c19a1-af63-42c1-969a-9411d65bcbb1,03d612d9-ebba-44e5-a29e-7b12b9523418,94c794c5-8a08-496a-8d56-ad8751d26416,ENDED,2026-08-17T06:29:34.125Z,2026-08-17T07:08:34.125Z,2340,35.746463,51.443450,2026-08-17T06:29:34.125Z
d75e4b5d-473f-4a6d-bbd6-8ebbf30856c0,03d612d9-ebba-44e5-a29e-7b12b9523418,94c794c5-8a08-496a-8d56-ad8751d26416,ENDED,2026-08-17T07:08:34.125Z,2026-08-18T07:08:34.125Z,86400,35.746463,51.443450,2026-08-17T07:08:34.125Z
4d46363c-53b2-478e-aa91-e30edcb87562,03d612d9-ebba-44e5-a29e-7b12b9523418,94c794c5-8a08-496a-8d56-ad8751d26416,ENDED,2026-08-17T18:30:00.000Z,2026-08-18T02:51:15.538Z,30076,35.746463,51.443450,2026-08-17T18:30:00.000Z
4caeb9d9-26e8-4c87-b6c5-bde33a0d72d7,03d612d9-ebba-44e5-a29e-7b12b9523418,94c794c5-8a08-496a-8d56-ad8751d26416,ENDED,2026-08-18T03:12:45.538Z,2026-08-18T03:48:45.538Z,2160,35.689936,51.417667,2026-08-18T03:12:45.538Z
efd5aa00-eeff-46e4-9518-f403848d9cfc,03d612d9-ebba-44e5-a29e-7b12b9523418,94c794c5-8a08-496a-8d56-ad8751d26416,ENDED,2026-08-18T04:06:45.538Z,2026-08-18T04:37:45.538Z,1860,35.637314,51.385608,2026-08-18T04:06:45.538Z
9af0dd54-be61-4475-ac5d-68ec13af1081,03d612d9-ebba-44e5-a29e-7b12b9523418,94c794c5-8a08-496a-8d56-ad8751d26416,ENDED,2026-08-18T04:42:15.538Z,2026-08-18T05:05:15.538Z,1380,35.639994,51.390205,2026-08-18T04:42:15.538Z
59729656-e9c3-42e4-a378-34cb115983b7,03d612d9-ebba-44e5-a29e-7b12b9523418,94c794c5-8a08-496a-8d56-ad8751d26416,ENDED,2026-08-18T05:39:15.538Z,2026-08-18T05:56:15.538Z,1020,35.728105,51.441784,2026-08-18T05:39:15.538Z
cd2fb7bf-549a-42ac-8725-72469b107923,03d612d9-ebba-44e5-a29e-7b12b9523418,94c794c5-8a08-496a-8d56-ad8751d26416,ENDED,2026-08-18T06:20:15.538Z,2026-08-18T07:00:15.538Z,2400,35.664502,51.408550,2026-08-18T06:20:15.538Z
966635f0-f607-4168-9787-b97e95dbc53e,03d612d9-ebba-44e5-a29e-7b12b9523418,94c794c5-8a08-496a-8d56-ad8751d26416,ENDED,2026-08-18T07:14:45.538Z,2026-08-18T07:50:45.538Z,2160,35.642290,51.390262,2026-08-18T07:14:45.538Z
40a44477-1d6d-4d1e-99f4-4e48a79c7e1f,03d612d9-ebba-44e5-a29e-7b12b9523418,94c794c5-8a08-496a-8d56-ad8751d26416,ENDED,2026-08-18T07:50:45.538Z,2026-08-19T07:50:45.538Z,86400,35.642290,51.390262,2026-08-18T07:50:45.538Z
40ac4c40-51a8-4e95-b5c9-dedbe26b84f3,03d612d9-ebba-44e5-a29e-7b12b9523418,94c794c5-8a08-496a-8d56-ad8751d26416,ENDED,2026-08-18T18:30:00.000Z,2026-08-19T03:02:40.507Z,30761,35.642290,51.390262,2026-08-18T18:30:00.000Z
e34a7ac9-486c-4bd7-9db8-e9833e7149d1,03d612d9-ebba-44e5-a29e-7b12b9523418,94c794c5-8a08-496a-8d56-ad8751d26416,ENDED,2026-08-19T03:07:10.507Z,2026-08-19T03:40:10.507Z,1980,35.640459,51.391924,2026-08-19T03:07:10.507Z
33db96f1-5bb6-4f95-9628-9209e3cc4c68,03d612d9-ebba-44e5-a29e-7b12b9523418,94c794c5-8a08-496a-8d56-ad8751d26416,ENDED,2026-08-19T04:14:10.507Z,2026-08-19T04:45:10.507Z,1860,35.708955,51.424320,2026-08-19T04:14:10.507Z
00f264e9-46ae-4ce6-ae2b-28768160e5e7,03d612d9-ebba-44e5-a29e-7b12b9523418,94c794c5-8a08-496a-8d56-ad8751d26416,ENDED,2026-08-19T05:07:10.507Z,2026-08-19T05:34:10.507Z,1620,35.640340,51.391790,2026-08-19T05:07:10.507Z
2086fa6c-2483-4408-9cbd-30851e9ce5c6,03d612d9-ebba-44e5-a29e-7b12b9523418,94c794c5-8a08-496a-8d56-ad8751d26416,ENDED,2026-08-19T06:06:10.507Z,2026-08-19T06:38:10.507Z,1920,35.708208,51.423546,2026-08-19T06:06:10.507Z
d3c2f07a-a7b2-4e86-811d-720d7ad8c7e7,03d612d9-ebba-44e5-a29e-7b12b9523418,94c794c5-8a08-496a-8d56-ad8751d26416,ENDED,2026-08-19T06:54:10.507Z,2026-08-19T07:19:10.507Z,1500,35.703906,51.355697,2026-08-19T06:54:10.507Z
02975aa9-3bd9-4af5-8b2a-9591353886e0,03d612d9-ebba-44e5-a29e-7b12b9523418,94c794c5-8a08-496a-8d56-ad8751d26416,ENDED,2026-08-19T07:41:40.507Z,2026-08-19T08:14:40.507Z,1980,35.751712,51.437958,2026-08-19T07:41:40.507Z
97f6cd01-2d3a-433c-ab3b-009e4d5d8b3b,03d612d9-ebba-44e5-a29e-7b12b9523418,94c794c5-8a08-496a-8d56-ad8751d26416,ENDED,2026-08-19T08:14:40.507Z,2026-08-20T08:14:40.507Z,86400,35.751712,51.437958,2026-08-19T08:14:40.507Z
3fe8693f-b6d7-4dc7-a9bc-36b45df7fd1e,03d612d9-ebba-44e5-a29e-7b12b9523418,94c794c5-8a08-496a-8d56-ad8751d26416,ENDED,2026-08-19T18:30:00.000Z,2026-08-20T04:30:30.455Z,36030,35.751712,51.437958,2026-08-19T18:30:00.000Z
1593533a-a136-4955-a328-0a4b2537d7d1,03d612d9-ebba-44e5-a29e-7b12b9523418,94c794c5-8a08-496a-8d56-ad8751d26416,ENDED,2026-08-20T05:04:00.455Z,2026-08-20T05:27:00.455Z,1380,35.683673,51.412330,2026-08-20T05:04:00.455Z
aa9cd1e9-5be1-482d-a97f-ca7e8cb0b788,03d612d9-ebba-44e5-a29e-7b12b9523418,94c794c5-8a08-496a-8d56-ad8751d26416,ENDED,2026-08-20T05:48:00.455Z,2026-08-20T06:27:00.455Z,2340,35.728013,51.438888,2026-08-20T05:48:00.455Z
c7cb9d84-6d20-4cf7-9843-455ae8b3e368,03d612d9-ebba-44e5-a29e-7b12b9523418,94c794c5-8a08-496a-8d56-ad8751d26416,ENDED,2026-08-20T06:27:00.455Z,2026-08-21T06:27:00.455Z,86400,35.728013,51.438888,2026-08-20T06:27:00.455Z
77bdd49b-970e-41d4-a6f2-e6489e4be994,03d612d9-ebba-44e5-a29e-7b12b9523418,94c794c5-8a08-496a-8d56-ad8751d26416,ENDED,2026-08-21T18:30:00.000Z,2026-08-22T04:54:17.947Z,37458,35.728013,51.438888,2026-08-21T18:30:00.000Z
d4a13e84-48b6-42ea-bf8a-d7f1ba3e0ff4,03d612d9-ebba-44e5-a29e-7b12b9523418,94c794c5-8a08-496a-8d56-ad8751d26416,ENDED,2026-08-22T05:17:47.947Z,2026-08-22T05:38:47.947Z,1260,35.667643,51.437129,2026-08-22T05:17:47.947Z
451da870-dad9-46c7-9abe-18c324047dbf,03d612d9-ebba-44e5-a29e-7b12b9523418,94c794c5-8a08-496a-8d56-ad8751d26416,ENDED,2026-08-22T06:05:47.947Z,2026-08-22T06:44:47.947Z,2340,35.747822,51.452822,2026-08-22T06:05:47.947Z
58a15f4b-6fe5-4ae6-ac22-91f3da01ae6a,03d612d9-ebba-44e5-a29e-7b12b9523418,94c794c5-8a08-496a-8d56-ad8751d26416,ENDED,2026-08-22T07:11:17.947Z,2026-08-22T07:26:17.947Z,900,35.674281,51.405973,2026-08-22T07:11:17.947Z
3c099a65-eed1-4d18-bcb7-72b95d23f906,03d612d9-ebba-44e5-a29e-7b12b9523418,94c794c5-8a08-496a-8d56-ad8751d26416,ENDED,2026-08-22T07:49:47.947Z,2026-08-22T08:22:47.947Z,1980,35.740229,51.444200,2026-08-22T07:49:47.947Z
427ba255-42d7-49b6-b358-f1612fc3fea4,03d612d9-ebba-44e5-a29e-7b12b9523418,94c794c5-8a08-496a-8d56-ad8751d26416,ENDED,2026-08-22T08:46:47.947Z,2026-08-22T09:03:47.947Z,1020,35.660444,51.404209,2026-08-22T08:46:47.947Z
24d90e9f-7c3b-4dd0-8246-184599730ff3,03d612d9-ebba-44e5-a29e-7b12b9523418,94c794c5-8a08-496a-8d56-ad8751d26416,ENDED,2026-08-22T09:26:17.947Z,2026-08-22T09:49:17.947Z,1380,35.715908,51.436822,2026-08-22T09:26:17.947Z
ebe50a54-75df-4de3-96b0-10e99ffc82f3,03d612d9-ebba-44e5-a29e-7b12b9523418,94c794c5-8a08-496a-8d56-ad8751d26416,ENDED,2026-08-22T09:49:17.947Z,2026-08-23T09:49:17.947Z,86400,35.715908,51.436822,2026-08-22T09:49:17.947Z
769a6ce2-12cf-4c25-8c15-bd32b2883382,03d612d9-ebba-44e5-a29e-7b12b9523418,94c794c5-8a08-496a-8d56-ad8751d26416,ENDED,2026-08-22T18:30:00.000Z,2026-08-23T04:27:05.671Z,35826,35.715908,51.436822,2026-08-22T18:30:00.000Z
6655d66e-3b48-4d91-aa64-dea645681889,03d612d9-ebba-44e5-a29e-7b12b9523418,94c794c5-8a08-496a-8d56-ad8751d26416,ENDED,2026-08-23T04:54:35.671Z,2026-08-23T05:29:35.671Z,2100,35.650259,51.395417,2026-08-23T04:54:35.671Z
9552d820-61c6-45ff-9630-fc1e53bcdcfd,03d612d9-ebba-44e5-a29e-7b12b9523418,94c794c5-8a08-496a-8d56-ad8751d26416,ENDED,2026-08-23T05:58:35.671Z,2026-08-23T06:25:35.671Z,1620,35.732814,51.437005,2026-08-23T05:58:35.671Z
5ffbe647-a3ca-49bc-85d3-85d86dab70a9,03d612d9-ebba-44e5-a29e-7b12b9523418,94c794c5-8a08-496a-8d56-ad8751d26416,ENDED,2026-08-23T06:48:05.671Z,2026-08-23T07:16:05.671Z,1680,35.644722,51.393664,2026-08-23T06:48:05.671Z
d15173fa-abec-4e20-aae3-feaf23a05054,03d612d9-ebba-44e5-a29e-7b12b9523418,94c794c5-8a08-496a-8d56-ad8751d26416,ENDED,2026-08-23T07:39:35.671Z,2026-08-23T07:54:35.671Z,900,35.709027,51.432413,2026-08-23T07:39:35.671Z
6cb95441-82cb-4eb8-9221-a46b985891c0,03d612d9-ebba-44e5-a29e-7b12b9523418,94c794c5-8a08-496a-8d56-ad8751d26416,ENDED,2026-08-23T08:13:35.671Z,2026-08-23T08:47:35.671Z,2040,35.660518,51.404424,2026-08-23T08:13:35.671Z
93df98d1-a658-4c21-a27d-f0d88a007acf,03d612d9-ebba-44e5-a29e-7b12b9523418,94c794c5-8a08-496a-8d56-ad8751d26416,ENDED,2026-08-23T09:11:35.671Z,2026-08-23T09:39:35.671Z,1680,35.718239,51.432756,2026-08-23T09:11:35.671Z
1a9ab7b2-4e0b-4676-ba38-06f5b94b2cc3,03d612d9-ebba-44e5-a29e-7b12b9523418,94c794c5-8a08-496a-8d56-ad8751d26416,ENDED,2026-08-23T09:39:35.671Z,2026-08-24T09:39:35.671Z,86400,35.718239,51.432756,2026-08-23T09:39:35.671Z
60ed3a8d-952c-43aa-ae1b-1769eec03ddc,03d612d9-ebba-44e5-a29e-7b12b9523418,94c794c5-8a08-496a-8d56-ad8751d26416,ENDED,2026-08-23T18:30:00.000Z,2026-08-24T03:37:34.744Z,32855,35.718239,51.432756,2026-08-23T18:30:00.000Z
1fcc208c-5037-46ee-b28d-5ca9c6ebcaa9,03d612d9-ebba-44e5-a29e-7b12b9523418,94c794c5-8a08-496a-8d56-ad8751d26416,ENDED,2026-08-24T03:58:04.744Z,2026-08-24T04:29:04.744Z,1860,35.663348,51.404747,2026-08-24T03:58:04.744Z
0e174439-2754-4200-a319-493127b03ee5,03d612d9-ebba-44e5-a29e-7b12b9523418,94c794c5-8a08-496a-8d56-ad8751d26416,ENDED,2026-08-24T04:52:04.744Z,2026-08-24T05:10:04.744Z,1080,35.737321,51.438727,2026-08-24T04:52:04.744Z
d5d7f68a-7837-4ba0-a10c-4b8a87f27cb5,03d612d9-ebba-44e5-a29e-7b12b9523418,94c794c5-8a08-496a-8d56-ad8751d26416,ENDED,2026-08-24T05:10:04.744Z,2026-08-25T05:10:04.744Z,86400,35.737321,51.438727,2026-08-24T05:10:04.744Z
718feb88-c121-43be-9129-cc4adb3293de,03d612d9-ebba-44e5-a29e-7b12b9523418,94c794c5-8a08-496a-8d56-ad8751d26416,ENDED,2026-08-24T18:30:00.000Z,2026-08-25T04:58:17.267Z,37697,35.737321,51.438727,2026-08-24T18:30:00.000Z
a62c615b-a4d5-4fd2-894b-9444ff0d35cb,03d612d9-ebba-44e5-a29e-7b12b9523418,94c794c5-8a08-496a-8d56-ad8751d26416,ENDED,2026-08-25T05:21:17.267Z,2026-08-25T05:36:17.267Z,900,35.669680,51.409056,2026-08-25T05:21:17.267Z
8f41ab6b-cc5f-4e56-add6-b13b77a13849,03d612d9-ebba-44e5-a29e-7b12b9523418,94c794c5-8a08-496a-8d56-ad8751d26416,ENDED,2026-08-25T06:01:17.267Z,2026-08-25T06:23:17.267Z,1320,35.722481,51.439751,2026-08-25T06:01:17.267Z
32592c79-36ce-4af4-8e5e-fbd61c30dcee,03d612d9-ebba-44e5-a29e-7b12b9523418,94c794c5-8a08-496a-8d56-ad8751d26416,ENDED,2026-08-25T06:23:17.267Z,2026-08-26T06:23:17.267Z,86400,35.722481,51.439751,2026-08-25T06:23:17.267Z
95d0a143-6a29-470b-9584-d64a423dfa9e,03d612d9-ebba-44e5-a29e-7b12b9523418,94c794c5-8a08-496a-8d56-ad8751d26416,ENDED,2026-08-25T18:30:00.000Z,2026-08-26T04:13:44.033Z,35024,35.722481,51.439751,2026-08-25T18:30:00.000Z
6a670166-045d-4a2e-b63e-88a829157790,03d612d9-ebba-44e5-a29e-7b12b9523418,94c794c5-8a08-496a-8d56-ad8751d26416,ENDED,2026-08-26T04:27:44.033Z,2026-08-26T04:58:44.033Z,1860,35.741060,51.523228,2026-08-26T04:27:44.033Z
7ba6b191-4cf7-4015-9d1b-296c892fd689,03d612d9-ebba-44e5-a29e-7b12b9523418,94c794c5-8a08-496a-8d56-ad8751d26416,ENDED,2026-08-26T05:14:44.033Z,2026-08-26T05:50:44.033Z,2160,35.764915,51.473191,2026-08-26T05:14:44.033Z
f0753d7d-a2ec-4917-8680-13210a60d288,03d612d9-ebba-44e5-a29e-7b12b9523418,94c794c5-8a08-496a-8d56-ad8751d26416,ENDED,2026-08-26T06:17:14.033Z,2026-08-26T06:37:14.033Z,1200,35.679039,51.413395,2026-08-26T06:17:14.033Z
017df2aa-d5b3-44ca-a69b-2314356477a3,03d612d9-ebba-44e5-a29e-7b12b9523418,94c794c5-8a08-496a-8d56-ad8751d26416,ENDED,2026-08-26T07:02:14.033Z,2026-08-26T07:24:14.033Z,1320,35.749660,51.445249,2026-08-26T07:02:14.033Z
02bfd287-7829-4447-8dd1-f3499cef31ba,03d612d9-ebba-44e5-a29e-7b12b9523418,94c794c5-8a08-496a-8d56-ad8751d26416,ENDED,2026-08-26T07:51:44.033Z,2026-08-26T08:27:44.033Z,2160,35.683539,51.407307,2026-08-26T07:51:44.033Z
feb743cb-8a71-46da-b822-b85f7483c356,03d612d9-ebba-44e5-a29e-7b12b9523418,94c794c5-8a08-496a-8d56-ad8751d26416,ENDED,2026-08-26T08:46:14.033Z,2026-08-26T09:17:14.033Z,1860,35.640259,51.386519,2026-08-26T08:46:14.033Z
a3bece2e-aa6c-4476-9cc1-08279cdf0a52,03d612d9-ebba-44e5-a29e-7b12b9523418,94c794c5-8a08-496a-8d56-ad8751d26416,ENDED,2026-08-26T09:17:14.033Z,2026-08-26T12:27:48.318Z,11434,35.640259,51.386519,2026-08-26T09:17:14.033Z
2d302b6e-c3c9-499a-9dd1-5c8ca89ed730,03d612d9-ebba-44e5-a29e-7b12b9523418,e9536c10-23eb-408b-b3fc-d91577e235bc,ENDED,2026-08-11T20:30:00.000Z,2026-08-12T18:34:01.529Z,79442,35.769887,51.460969,2026-08-11T20:30:00.000Z
4e7e5a20-936a-441b-849f-c892d1dd1163,03d612d9-ebba-44e5-a29e-7b12b9523418,e9536c10-23eb-408b-b3fc-d91577e235bc,ENDED,2026-08-12T16:42:31.529Z,2026-08-12T17:02:31.529Z,1200,35.783297,51.467497,2026-08-12T16:42:31.529Z
9e0ae120-e840-4d7d-94a5-2b7d6d3a123b,03d612d9-ebba-44e5-a29e-7b12b9523418,e9536c10-23eb-408b-b3fc-d91577e235bc,ENDED,2026-08-12T17:08:01.529Z,2026-08-12T17:23:01.529Z,900,35.784280,51.470369,2026-08-12T17:08:01.529Z
17a0727b-fa4f-41a8-90db-c33e8eee97f9,03d612d9-ebba-44e5-a29e-7b12b9523418,e9536c10-23eb-408b-b3fc-d91577e235bc,ENDED,2026-08-12T17:45:31.529Z,2026-08-12T18:11:31.529Z,1560,35.749042,51.541964,2026-08-12T17:45:31.529Z
43f9d231-4a93-4359-b8a4-b86bf1595dc2,03d612d9-ebba-44e5-a29e-7b12b9523418,e9536c10-23eb-408b-b3fc-d91577e235bc,ENDED,2026-08-12T18:28:01.529Z,2026-08-12T18:49:01.529Z,1260,35.763114,51.500071,2026-08-12T18:28:01.529Z
276bc618-f96f-456b-91c7-b791650a0e8f,03d612d9-ebba-44e5-a29e-7b12b9523418,e9536c10-23eb-408b-b3fc-d91577e235bc,ENDED,2026-08-12T18:49:01.529Z,2026-08-13T18:49:01.529Z,86400,35.763114,51.500071,2026-08-12T18:49:01.529Z
3ea890dd-e448-48fd-a1eb-a94dec8466e4,03d612d9-ebba-44e5-a29e-7b12b9523418,e9536c10-23eb-408b-b3fc-d91577e235bc,ENDED,2026-08-12T18:30:00.000Z,2026-08-13T18:29:14.814Z,86355,35.763114,51.500071,2026-08-12T18:30:00.000Z
213cdbc1-56e1-48e1-88e6-64773d6bd708,03d612d9-ebba-44e5-a29e-7b12b9523418,e9536c10-23eb-408b-b3fc-d91577e235bc,ENDED,2026-08-13T18:46:14.814Z,2026-08-13T19:07:14.814Z,1260,35.792348,51.446213,2026-08-13T18:46:14.814Z
36c05134-7937-4179-9653-e31c5f877f78,03d612d9-ebba-44e5-a29e-7b12b9523418,e9536c10-23eb-408b-b3fc-d91577e235bc,ENDED,2026-08-13T19:20:44.814Z,2026-08-13T19:36:44.814Z,960,35.774429,51.457994,2026-08-13T19:20:44.814Z
287cf78d-b069-47b4-b22e-fdc666366076,03d612d9-ebba-44e5-a29e-7b12b9523418,e9536c10-23eb-408b-b3fc-d91577e235bc,ENDED,2026-08-13T19:36:44.814Z,2026-08-14T19:36:44.814Z,86400,35.774429,51.457994,2026-08-13T19:36:44.814Z
f7503155-fcd5-4fda-9207-873112963d55,03d612d9-ebba-44e5-a29e-7b12b9523418,e9536c10-23eb-408b-b3fc-d91577e235bc,ENDED,2026-08-13T18:30:00.000Z,2026-08-14T17:43:11.292Z,83591,35.774429,51.457994,2026-08-13T18:30:00.000Z
bfbec7bc-3c8c-4ce9-975b-5b14af932396,03d612d9-ebba-44e5-a29e-7b12b9523418,e9536c10-23eb-408b-b3fc-d91577e235bc,ENDED,2026-08-14T17:55:11.292Z,2026-08-14T18:29:11.292Z,2040,35.789285,51.446452,2026-08-14T17:55:11.292Z
43368a3a-708c-41d6-bead-487958cc898e,03d612d9-ebba-44e5-a29e-7b12b9523418,e9536c10-23eb-408b-b3fc-d91577e235bc,ENDED,2026-08-14T18:37:41.292Z,2026-08-14T18:55:41.292Z,1080,35.789372,51.461264,2026-08-14T18:37:41.292Z
e08d7e56-a6c8-4898-87d2-898464fe0d1b,03d612d9-ebba-44e5-a29e-7b12b9523418,e9536c10-23eb-408b-b3fc-d91577e235bc,ENDED,2026-08-14T18:55:41.292Z,2026-08-15T18:55:41.292Z,86400,35.789372,51.461264,2026-08-14T18:55:41.292Z
3a97f001-f812-426c-9dae-fd5651e4afa7,03d612d9-ebba-44e5-a29e-7b12b9523418,e9536c10-23eb-408b-b3fc-d91577e235bc,ENDED,2026-08-14T18:30:00.000Z,2026-08-15T18:19:50.425Z,85790,35.789372,51.461264,2026-08-14T18:30:00.000Z
077fc411-5a88-4d95-acd9-3c8c7cba556c,03d612d9-ebba-44e5-a29e-7b12b9523418,e9536c10-23eb-408b-b3fc-d91577e235bc,ENDED,2026-08-15T18:26:20.425Z,2026-08-15T19:11:20.425Z,2700,35.786356,51.468514,2026-08-15T18:26:20.425Z
7eb814ac-da3e-4284-a6f0-1e04ba60e5cb,03d612d9-ebba-44e5-a29e-7b12b9523418,e9536c10-23eb-408b-b3fc-d91577e235bc,ENDED,2026-08-15T19:18:20.425Z,2026-08-15T19:36:20.425Z,1080,35.771276,51.461172,2026-08-15T19:18:20.425Z
7c9a294c-ebbb-4c9c-9414-c8629dd21040,03d612d9-ebba-44e5-a29e-7b12b9523418,e9536c10-23eb-408b-b3fc-d91577e235bc,ENDED,2026-08-15T20:09:50.425Z,2026-08-15T20:31:50.425Z,1320,35.807398,51.149223,2026-08-15T20:09:50.425Z
b27f400e-81bf-4cb9-a918-bf7780d3701c,03d612d9-ebba-44e5-a29e-7b12b9523418,e9536c10-23eb-408b-b3fc-d91577e235bc,ENDED,2026-08-15T21:19:50.425Z,2026-08-15T21:54:50.425Z,2100,35.789013,51.366483,2026-08-15T21:19:50.425Z
ba25133b-1054-48de-b16e-e5e57867c460,03d612d9-ebba-44e5-a29e-7b12b9523418,e9536c10-23eb-408b-b3fc-d91577e235bc,ENDED,2026-08-15T21:54:50.425Z,2026-08-16T21:54:50.425Z,86400,35.789013,51.366483,2026-08-15T21:54:50.425Z
536263d0-f252-48b2-885f-5b4451043e1f,03d612d9-ebba-44e5-a29e-7b12b9523418,e9536c10-23eb-408b-b3fc-d91577e235bc,ENDED,2026-08-15T18:30:00.000Z,2026-08-16T18:18:38.727Z,85719,35.789013,51.366483,2026-08-15T18:30:00.000Z
8be9c7c5-24f6-4842-a658-af685600025e,03d612d9-ebba-44e5-a29e-7b12b9523418,e9536c10-23eb-408b-b3fc-d91577e235bc,ENDED,2026-08-16T18:42:08.727Z,2026-08-16T18:58:08.727Z,960,35.788887,51.446192,2026-08-16T18:42:08.727Z
8cab02b1-24f3-4ee7-b8ac-0e33a8ff98ec,03d612d9-ebba-44e5-a29e-7b12b9523418,e9536c10-23eb-408b-b3fc-d91577e235bc,ENDED,2026-08-16T19:08:38.727Z,2026-08-16T19:19:38.727Z,660,35.799340,51.436100,2026-08-16T19:08:38.727Z
0810fb47-6f8e-45ab-9139-e73948a75bae,03d612d9-ebba-44e5-a29e-7b12b9523418,e9536c10-23eb-408b-b3fc-d91577e235bc,ENDED,2026-08-16T19:19:38.727Z,2026-08-17T19:19:38.727Z,86400,35.799340,51.436100,2026-08-16T19:19:38.727Z
e15ed627-3c90-4f2a-a719-9b5a7776d04b,03d612d9-ebba-44e5-a29e-7b12b9523418,e9536c10-23eb-408b-b3fc-d91577e235bc,ENDED,2026-08-16T18:30:00.000Z,2026-08-17T18:07:33.412Z,85053,35.799340,51.436100,2026-08-16T18:30:00.000Z
078b911b-ea42-4a2e-a324-cb9cd76f5694,03d612d9-ebba-44e5-a29e-7b12b9523418,e9536c10-23eb-408b-b3fc-d91577e235bc,ENDED,2026-08-17T18:21:03.412Z,2026-08-17T18:57:03.412Z,2160,35.775947,51.416342,2026-08-17T18:21:03.412Z
594765b6-a816-4504-aaac-31867d18ba3a,03d612d9-ebba-44e5-a29e-7b12b9523418,e9536c10-23eb-408b-b3fc-d91577e235bc,ENDED,2026-08-17T19:29:03.412Z,2026-08-17T19:42:03.412Z,780,35.819504,51.093810,2026-08-17T19:29:03.412Z
7e945f0b-de07-467e-a6d7-3803a888ff23,03d612d9-ebba-44e5-a29e-7b12b9523418,e9536c10-23eb-408b-b3fc-d91577e235bc,ENDED,2026-08-17T19:42:03.412Z,2026-08-18T19:42:03.412Z,86400,35.819504,51.093810,2026-08-17T19:42:03.412Z
7eefe4b6-a625-4ef5-b0ca-d05359d8594f,03d612d9-ebba-44e5-a29e-7b12b9523418,e9536c10-23eb-408b-b3fc-d91577e235bc,ENDED,2026-08-18T18:30:00.000Z,2026-08-19T18:24:51.769Z,86092,35.819504,51.093810,2026-08-18T18:30:00.000Z
0faca57f-4557-4f3a-804c-3ba51d1dbdd8,03d612d9-ebba-44e5-a29e-7b12b9523418,e9536c10-23eb-408b-b3fc-d91577e235bc,ENDED,2026-08-19T19:36:21.769Z,2026-08-19T20:15:21.769Z,2340,35.768905,51.375583,2026-08-19T19:36:21.769Z
200137b0-58f9-4d55-9931-02d356c82b4a,03d612d9-ebba-44e5-a29e-7b12b9523418,e9536c10-23eb-408b-b3fc-d91577e235bc,ENDED,2026-08-19T20:35:21.769Z,2026-08-19T20:51:21.769Z,960,35.781050,51.450436,2026-08-19T20:35:21.769Z
46ae062f-7baf-445b-84b1-14e26a08f23c,03d612d9-ebba-44e5-a29e-7b12b9523418,e9536c10-23eb-408b-b3fc-d91577e235bc,ENDED,2026-08-19T20:51:21.769Z,2026-08-20T20:51:21.769Z,86400,35.781050,51.450436,2026-08-19T20:51:21.769Z
a40c262f-13e2-4d7e-b2ab-264da052435a,03d612d9-ebba-44e5-a29e-7b12b9523418,e9536c10-23eb-408b-b3fc-d91577e235bc,ENDED,2026-08-21T18:30:00.000Z,2026-08-22T18:01:55.181Z,84715,35.781050,51.450436,2026-08-21T18:30:00.000Z
0b343e7d-6952-46d7-99ba-6e00243e71d9,03d612d9-ebba-44e5-a29e-7b12b9523418,e9536c10-23eb-408b-b3fc-d91577e235bc,ENDED,2026-08-22T18:11:25.181Z,2026-08-22T18:26:25.181Z,900,35.793610,51.423245,2026-08-22T18:11:25.181Z
d80ea049-ddf0-417b-8652-628e5d3807d8,03d612d9-ebba-44e5-a29e-7b12b9523418,e9536c10-23eb-408b-b3fc-d91577e235bc,ENDED,2026-08-22T18:32:55.181Z,2026-08-22T18:45:55.181Z,780,35.799319,51.433631,2026-08-22T18:32:55.181Z
950c8178-41af-4619-881c-20bf7ce66cfc,03d612d9-ebba-44e5-a29e-7b12b9523418,e9536c10-23eb-408b-b3fc-d91577e235bc,ENDED,2026-08-22T19:03:25.181Z,2026-08-22T19:43:25.181Z,2400,35.768149,51.473270,2026-08-22T19:03:25.181Z
a0b7dd89-047f-4881-bb03-c9b9c04f9e83,03d612d9-ebba-44e5-a29e-7b12b9523418,e9536c10-23eb-408b-b3fc-d91577e235bc,ENDED,2026-08-22T19:50:25.181Z,2026-08-22T20:16:25.181Z,1560,35.771443,51.465128,2026-08-22T19:50:25.181Z
ee5fb3e7-68f7-4ce8-84ea-1c45b01951b6,03d612d9-ebba-44e5-a29e-7b12b9523418,e9536c10-23eb-408b-b3fc-d91577e235bc,ENDED,2026-08-22T20:27:55.181Z,2026-08-22T21:10:55.181Z,2580,35.793875,51.444825,2026-08-22T20:27:55.181Z
5440371f-a5dc-49f6-94bd-9e5a35e090ec,03d612d9-ebba-44e5-a29e-7b12b9523418,e9536c10-23eb-408b-b3fc-d91577e235bc,ENDED,2026-08-22T21:43:55.181Z,2026-08-22T22:12:55.181Z,1740,35.819713,51.143941,2026-08-22T21:43:55.181Z
648c4c26-47a0-4e85-9098-8bbd81ca73c7,03d612d9-ebba-44e5-a29e-7b12b9523418,e9536c10-23eb-408b-b3fc-d91577e235bc,ENDED,2026-08-22T22:12:55.181Z,2026-08-23T22:12:55.181Z,86400,35.819713,51.143941,2026-08-22T22:12:55.181Z
97ae62dc-f0f3-49d3-8529-eec6e7952fc9,03d612d9-ebba-44e5-a29e-7b12b9523418,e9536c10-23eb-408b-b3fc-d91577e235bc,ENDED,2026-08-22T18:30:00.000Z,2026-08-23T17:13:32.195Z,81812,35.819713,51.143941,2026-08-22T18:30:00.000Z
fce90e2b-ff8e-4f24-9583-03aee1aa9ce0,03d612d9-ebba-44e5-a29e-7b12b9523418,e9536c10-23eb-408b-b3fc-d91577e235bc,ENDED,2026-08-23T17:51:32.195Z,2026-08-23T18:11:32.195Z,1200,35.771671,51.312893,2026-08-23T17:51:32.195Z
14113126-1ca4-4e5a-9395-5300603d7eb7,03d612d9-ebba-44e5-a29e-7b12b9523418,e9536c10-23eb-408b-b3fc-d91577e235bc,ENDED,2026-08-23T18:35:32.195Z,2026-08-23T19:10:32.195Z,2100,35.768383,51.412268,2026-08-23T18:35:32.195Z
e65e482e-9a08-42af-bd1d-40de41ad5657,03d612d9-ebba-44e5-a29e-7b12b9523418,e9536c10-23eb-408b-b3fc-d91577e235bc,ENDED,2026-08-23T19:10:32.195Z,2026-08-24T19:10:32.195Z,86400,35.768383,51.412268,2026-08-23T19:10:32.195Z
2d5e4c8b-eec2-4d27-9ef0-f4d906a7b2e9,03d612d9-ebba-44e5-a29e-7b12b9523418,e9536c10-23eb-408b-b3fc-d91577e235bc,ENDED,2026-08-23T18:30:00.000Z,2026-08-24T16:54:21.223Z,80661,35.768383,51.412268,2026-08-23T18:30:00.000Z
24d125ee-7d81-40e8-959d-44d372df0e9a,03d612d9-ebba-44e5-a29e-7b12b9523418,e9536c10-23eb-408b-b3fc-d91577e235bc,ENDED,2026-08-24T17:25:21.223Z,2026-08-24T17:55:21.223Z,1800,35.801765,51.197684,2026-08-24T17:25:21.223Z
58fc595c-aa67-462a-919e-3d693f8a21f0,03d612d9-ebba-44e5-a29e-7b12b9523418,e9536c10-23eb-408b-b3fc-d91577e235bc,ENDED,2026-08-24T18:32:51.223Z,2026-08-24T18:49:51.223Z,1020,35.777529,51.375878,2026-08-24T18:32:51.223Z
605f67ee-f6b3-4704-8bd5-eb0d1cdfccd7,03d612d9-ebba-44e5-a29e-7b12b9523418,e9536c10-23eb-408b-b3fc-d91577e235bc,ENDED,2026-08-24T19:18:51.223Z,2026-08-24T19:54:51.223Z,2160,35.802288,51.177938,2026-08-24T19:18:51.223Z
e63b925a-5c2c-4a6d-a422-5c208e3fcc5d,03d612d9-ebba-44e5-a29e-7b12b9523418,e9536c10-23eb-408b-b3fc-d91577e235bc,ENDED,2026-08-24T20:46:51.223Z,2026-08-24T21:13:51.223Z,1620,35.776989,51.391010,2026-08-24T20:46:51.223Z
99f28ae4-4f9b-4e15-b326-e710505bfeab,03d612d9-ebba-44e5-a29e-7b12b9523418,e9536c10-23eb-408b-b3fc-d91577e235bc,ENDED,2026-08-24T21:13:51.223Z,2026-08-25T21:13:51.223Z,86400,35.776989,51.391010,2026-08-24T21:13:51.223Z
82c0e731-65d6-4b31-b3cf-a470571148dc,03d612d9-ebba-44e5-a29e-7b12b9523418,e9536c10-23eb-408b-b3fc-d91577e235bc,ENDED,2026-08-24T18:30:00.000Z,2026-08-25T16:39:56.183Z,79796,35.776989,51.391010,2026-08-24T18:30:00.000Z
9674c7dd-0742-432a-b810-30ec43342750,03d612d9-ebba-44e5-a29e-7b12b9523418,e9536c10-23eb-408b-b3fc-d91577e235bc,ENDED,2026-08-25T16:52:56.183Z,2026-08-25T17:05:56.183Z,780,35.764581,51.350923,2026-08-25T16:52:56.183Z
6c28825d-02ad-4283-af62-fb3855096fd8,03d612d9-ebba-44e5-a29e-7b12b9523418,e9536c10-23eb-408b-b3fc-d91577e235bc,ENDED,2026-08-25T17:24:56.183Z,2026-08-25T17:36:56.183Z,720,35.765623,51.425784,2026-08-25T17:24:56.183Z
bbf6350c-2580-4176-a1c3-96d5f4abb9bb,03d612d9-ebba-44e5-a29e-7b12b9523418,e9536c10-23eb-408b-b3fc-d91577e235bc,ENDED,2026-08-25T17:36:56.183Z,2026-08-26T12:27:48.318Z,67852,35.765623,51.425784,2026-08-25T17:36:56.183Z
0b2e352a-c7eb-45c9-a38b-a60016c54081,03d612d9-ebba-44e5-a29e-7b12b9523418,59e5ec05-bf53-4148-a194-57d49be3373b,ENDED,2026-08-11T20:30:00.000Z,2026-08-12T04:40:48.241Z,29448,35.730385,51.530970,2026-08-11T20:30:00.000Z
46e8bfee-957d-49b4-beeb-23f48d5946ce,03d612d9-ebba-44e5-a29e-7b12b9523418,59e5ec05-bf53-4148-a194-57d49be3373b,ENDED,2026-08-12T03:18:48.241Z,2026-08-12T03:44:48.241Z,1560,35.782618,51.255956,2026-08-12T03:18:48.241Z
fd0ec3a5-c71d-4e23-8009-f753eb032909,03d612d9-ebba-44e5-a29e-7b12b9523418,59e5ec05-bf53-4148-a194-57d49be3373b,ENDED,2026-08-12T04:31:48.241Z,2026-08-12T04:52:48.241Z,1260,35.758996,51.398261,2026-08-12T04:31:48.241Z
b3f77586-9d63-4b97-9e30-f116eb1775e0,03d612d9-ebba-44e5-a29e-7b12b9523418,59e5ec05-bf53-4148-a194-57d49be3373b,ENDED,2026-08-12T05:32:18.241Z,2026-08-12T06:09:18.241Z,2220,35.500563,51.211723,2026-08-12T05:32:18.241Z
2fc547e3-850c-47c7-9918-f2b178a0dd06,03d612d9-ebba-44e5-a29e-7b12b9523418,59e5ec05-bf53-4148-a194-57d49be3373b,ENDED,2026-08-12T06:21:18.241Z,2026-08-12T06:52:18.241Z,1860,35.456061,51.182510,2026-08-12T06:21:18.241Z
79d6c118-4aa1-45a7-9c19-fed3cf616cf3,03d612d9-ebba-44e5-a29e-7b12b9523418,59e5ec05-bf53-4148-a194-57d49be3373b,ENDED,2026-08-12T06:52:18.241Z,2026-08-13T06:52:18.241Z,86400,35.456061,51.182510,2026-08-12T06:52:18.241Z
8326ef0c-0330-4d7a-b277-d6ef287b6e7b,03d612d9-ebba-44e5-a29e-7b12b9523418,59e5ec05-bf53-4148-a194-57d49be3373b,ENDED,2026-08-14T18:30:00.000Z,2026-08-15T03:59:04.358Z,34144,35.456061,51.182510,2026-08-14T18:30:00.000Z
68f4a3c8-e4a8-46b0-be5a-4f54f5755e9b,03d612d9-ebba-44e5-a29e-7b12b9523418,59e5ec05-bf53-4148-a194-57d49be3373b,ENDED,2026-08-15T04:53:34.358Z,2026-08-15T05:05:34.358Z,720,35.621949,51.285184,2026-08-15T04:53:34.358Z
7dfad884-2cc0-4b4a-b473-90accf91b33d,03d612d9-ebba-44e5-a29e-7b12b9523418,59e5ec05-bf53-4148-a194-57d49be3373b,ENDED,2026-08-15T05:50:04.358Z,2026-08-15T06:04:04.358Z,840,35.674264,51.410620,2026-08-15T05:50:04.358Z
8c81da9d-a5a0-4c2f-b3a1-3e8fdbc74958,03d612d9-ebba-44e5-a29e-7b12b9523418,59e5ec05-bf53-4148-a194-57d49be3373b,ENDED,2026-08-15T06:32:04.358Z,2026-08-15T06:55:04.358Z,1380,35.711421,51.455848,2026-08-15T06:32:04.358Z
2de4ce19-6a77-42dc-9461-70d8b19f1f19,03d612d9-ebba-44e5-a29e-7b12b9523418,59e5ec05-bf53-4148-a194-57d49be3373b,ENDED,2026-08-15T07:11:34.358Z,2026-08-15T07:40:34.358Z,1740,35.722698,51.513846,2026-08-15T07:11:34.358Z
8b4e50d8-5866-4064-9325-90381612fcfc,03d612d9-ebba-44e5-a29e-7b12b9523418,59e5ec05-bf53-4148-a194-57d49be3373b,ENDED,2026-08-15T08:19:04.358Z,2026-08-15T08:34:04.358Z,900,35.801264,51.117886,2026-08-15T08:19:04.358Z
4081719d-336a-4ea3-83bd-20900557ace1,03d612d9-ebba-44e5-a29e-7b12b9523418,59e5ec05-bf53-4148-a194-57d49be3373b,ENDED,2026-08-15T09:43:04.358Z,2026-08-15T10:00:04.358Z,1020,35.750781,51.432000,2026-08-15T09:43:04.358Z
31606abd-b210-4993-9786-dbfc246d4f94,03d612d9-ebba-44e5-a29e-7b12b9523418,59e5ec05-bf53-4148-a194-57d49be3373b,ENDED,2026-08-15T10:00:04.358Z,2026-08-16T10:00:04.358Z,86400,35.750781,51.432000,2026-08-15T10:00:04.358Z
7670c4cf-8965-4116-958b-9c28e7c6dc02,03d612d9-ebba-44e5-a29e-7b12b9523418,59e5ec05-bf53-4148-a194-57d49be3373b,ENDED,2026-08-15T18:30:00.000Z,2026-08-16T03:23:36.059Z,32016,35.750781,51.432000,2026-08-15T18:30:00.000Z
9e66ad18-6966-4161-b7af-b48ee8e300c7,03d612d9-ebba-44e5-a29e-7b12b9523418,59e5ec05-bf53-4148-a194-57d49be3373b,ENDED,2026-08-16T03:58:06.059Z,2026-08-16T04:16:06.059Z,1080,35.800761,51.205160,2026-08-16T03:58:06.059Z
b90ac8a8-2fdd-4d98-a77d-0067b8ea6ebb,03d612d9-ebba-44e5-a29e-7b12b9523418,59e5ec05-bf53-4148-a194-57d49be3373b,ENDED,2026-08-16T05:12:06.059Z,2026-08-16T05:40:06.059Z,1680,35.766486,51.370218,2026-08-16T05:12:06.059Z
7c5a3bd1-15d6-41e2-829f-a5c6e5dde697,03d612d9-ebba-44e5-a29e-7b12b9523418,59e5ec05-bf53-4148-a194-57d49be3373b,ENDED,2026-08-16T06:14:36.059Z,2026-08-16T06:38:36.059Z,1440,35.590626,51.257767,2026-08-16T06:14:36.059Z
f48f53d0-ae37-43b3-9574-2f35133d932e,03d612d9-ebba-44e5-a29e-7b12b9523418,59e5ec05-bf53-4148-a194-57d49be3373b,ENDED,2026-08-16T07:00:06.059Z,2026-08-16T07:38:06.059Z,2280,35.500749,51.207362,2026-08-16T07:00:06.059Z
ad836e13-04ff-4351-b844-ad9c03a52537,03d612d9-ebba-44e5-a29e-7b12b9523418,59e5ec05-bf53-4148-a194-57d49be3373b,ENDED,2026-08-16T08:42:06.059Z,2026-08-16T09:23:06.059Z,2460,35.706750,51.337329,2026-08-16T08:42:06.059Z
f53f4fa9-19b0-4a79-b24a-ab3affc83325,03d612d9-ebba-44e5-a29e-7b12b9523418,59e5ec05-bf53-4148-a194-57d49be3373b,ENDED,2026-08-16T09:57:06.059Z,2026-08-16T10:37:06.059Z,2400,35.722256,51.487143,2026-08-16T09:57:06.059Z
28447997-a9c6-43a3-bf17-9fa46d44a66d,03d612d9-ebba-44e5-a29e-7b12b9523418,59e5ec05-bf53-4148-a194-57d49be3373b,ENDED,2026-08-16T10:37:06.059Z,2026-08-17T10:37:06.059Z,86400,35.722256,51.487143,2026-08-16T10:37:06.059Z
ad81bc57-a028-4b67-8064-bf6c187337df,03d612d9-ebba-44e5-a29e-7b12b9523418,59e5ec05-bf53-4148-a194-57d49be3373b,ENDED,2026-08-16T18:30:00.000Z,2026-08-17T04:40:52.428Z,36652,35.722256,51.487143,2026-08-16T18:30:00.000Z
e997329c-a89e-4f8d-9240-7afae86dabc0,03d612d9-ebba-44e5-a29e-7b12b9523418,59e5ec05-bf53-4148-a194-57d49be3373b,ENDED,2026-08-17T05:18:52.428Z,2026-08-17T05:43:52.428Z,1500,35.490192,51.227937,2026-08-17T05:18:52.428Z
6ceed155-52d1-465a-915f-7b55fd9fdd29,03d612d9-ebba-44e5-a29e-7b12b9523418,59e5ec05-bf53-4148-a194-57d49be3373b,ENDED,2026-08-17T06:53:52.428Z,2026-08-17T07:10:52.428Z,1020,35.612829,51.380500,2026-08-17T06:53:52.428Z
322e6e48-0cf1-469d-a49e-dd51096c6480,03d612d9-ebba-44e5-a29e-7b12b9523418,59e5ec05-bf53-4148-a194-57d49be3373b,ENDED,2026-08-17T07:28:22.428Z,2026-08-17T08:08:22.428Z,2400,35.659403,51.413083,2026-08-17T07:28:22.428Z
1e4b948c-9691-450f-a69a-44a9865484b6,03d612d9-ebba-44e5-a29e-7b12b9523418,59e5ec05-bf53-4148-a194-57d49be3373b,ENDED,2026-08-17T08:38:52.428Z,2026-08-17T09:00:52.428Z,1320,35.469958,51.213606,2026-08-17T08:38:52.428Z
80ce7cb8-5242-4046-b77a-47e785031167,03d612d9-ebba-44e5-a29e-7b12b9523418,59e5ec05-bf53-4148-a194-57d49be3373b,ENDED,2026-08-17T09:00:52.428Z,2026-08-18T09:00:52.428Z,86400,35.469958,51.213606,2026-08-17T09:00:52.428Z
104a475b-409b-4c1c-b747-dc122dcb2085,03d612d9-ebba-44e5-a29e-7b12b9523418,59e5ec05-bf53-4148-a194-57d49be3373b,ENDED,2026-08-18T18:30:00.000Z,2026-08-19T05:03:00.380Z,37980,35.469958,51.213606,2026-08-18T18:30:00.000Z
c97497cb-4c35-43eb-817b-e4c6cc87a478,03d612d9-ebba-44e5-a29e-7b12b9523418,59e5ec05-bf53-4148-a194-57d49be3373b,ENDED,2026-08-19T05:15:00.380Z,2026-08-19T05:54:00.380Z,2340,35.428727,51.169475,2026-08-19T05:15:00.380Z
15a195f6-2547-4f8b-9685-59e75f967d02,03d612d9-ebba-44e5-a29e-7b12b9523418,59e5ec05-bf53-4148-a194-57d49be3373b,ENDED,2026-08-19T07:20:30.380Z,2026-08-19T07:40:30.380Z,1200,35.628253,51.413672,2026-08-19T07:20:30.380Z
b75e6572-f87d-4b8a-910b-b872dda2f813,03d612d9-ebba-44e5-a29e-7b12b9523418,59e5ec05-bf53-4148-a194-57d49be3373b,ENDED,2026-08-19T07:40:30.380Z,2026-08-20T07:40:30.380Z,86400,35.628253,51.413672,2026-08-19T07:40:30.380Z
46dd15ea-82f0-4c0a-a3f5-7c13c2a4d2f5,03d612d9-ebba-44e5-a29e-7b12b9523418,59e5ec05-bf53-4148-a194-57d49be3373b,ENDED,2026-08-21T18:30:00.000Z,2026-08-22T02:53:12.480Z,30192,35.628253,51.413672,2026-08-21T18:30:00.000Z
f50eef5f-9e6b-4399-8981-bbf8260174d6,03d612d9-ebba-44e5-a29e-7b12b9523418,59e5ec05-bf53-4148-a194-57d49be3373b,ENDED,2026-08-22T03:29:12.480Z,2026-08-22T04:06:12.480Z,2220,35.784379,51.096760,2026-08-22T03:29:12.480Z
a34dc0fc-3960-41aa-8b6d-64bcdf81deba,03d612d9-ebba-44e5-a29e-7b12b9523418,59e5ec05-bf53-4148-a194-57d49be3373b,ENDED,2026-08-22T05:15:12.480Z,2026-08-22T05:26:12.480Z,660,35.754208,51.314262,2026-08-22T05:15:12.480Z
9c65514a-cb89-4066-80bf-75bab4af61d4,03d612d9-ebba-44e5-a29e-7b12b9523418,59e5ec05-bf53-4148-a194-57d49be3373b,ENDED,2026-08-22T05:26:12.480Z,2026-08-23T05:26:12.480Z,86400,35.754208,51.314262,2026-08-22T05:26:12.480Z
8781a192-e925-4ba8-95b1-4f0f63f60510,03d612d9-ebba-44e5-a29e-7b12b9523418,59e5ec05-bf53-4148-a194-57d49be3373b,ENDED,2026-08-22T18:30:00.000Z,2026-08-23T02:49:38.236Z,29978,35.754208,51.314262,2026-08-22T18:30:00.000Z
20a33192-ab0b-4eb6-b20a-7be434f483b0,03d612d9-ebba-44e5-a29e-7b12b9523418,59e5ec05-bf53-4148-a194-57d49be3373b,ENDED,2026-08-23T02:57:08.236Z,2026-08-23T03:33:08.236Z,2160,35.759743,51.331674,2026-08-23T02:57:08.236Z
318f4d63-acaa-4bb0-8a64-f74a38e08d9f,03d612d9-ebba-44e5-a29e-7b12b9523418,59e5ec05-bf53-4148-a194-57d49be3373b,ENDED,2026-08-23T04:02:08.236Z,2026-08-23T04:20:08.236Z,1080,35.808857,51.077812,2026-08-23T04:02:08.236Z
8d296d4c-e6da-4ed8-b44c-75c95404ff8e,03d612d9-ebba-44e5-a29e-7b12b9523418,59e5ec05-bf53-4148-a194-57d49be3373b,ENDED,2026-08-23T05:15:08.236Z,2026-08-23T05:48:08.236Z,1980,35.805073,51.298366,2026-08-23T05:15:08.236Z
65728a9f-de8d-45a7-8730-c1a6f497d321,03d612d9-ebba-44e5-a29e-7b12b9523418,59e5ec05-bf53-4148-a194-57d49be3373b,ENDED,2026-08-23T06:31:38.236Z,2026-08-23T06:48:38.236Z,1020,35.744841,51.472172,2026-08-23T06:31:38.236Z
6f3201de-500f-4cb6-84e4-f8e0d580fdb5,03d612d9-ebba-44e5-a29e-7b12b9523418,59e5ec05-bf53-4148-a194-57d49be3373b,ENDED,2026-08-23T07:24:38.236Z,2026-08-23T08:02:38.236Z,2280,35.791114,51.227878,2026-08-23T07:24:38.236Z
1098eb2f-11f7-4b7a-b777-7cd8d30e5287,03d612d9-ebba-44e5-a29e-7b12b9523418,59e5ec05-bf53-4148-a194-57d49be3373b,ENDED,2026-08-23T08:58:08.236Z,2026-08-23T09:25:08.236Z,1620,35.756728,51.381798,2026-08-23T08:58:08.236Z
410b4f02-04df-4812-b285-9d22ec6e00d3,03d612d9-ebba-44e5-a29e-7b12b9523418,59e5ec05-bf53-4148-a194-57d49be3373b,ENDED,2026-08-23T09:25:08.236Z,2026-08-24T09:25:08.236Z,86400,35.756728,51.381798,2026-08-23T09:25:08.236Z
91b52496-69d4-4b4c-9848-2c11539efef2,03d612d9-ebba-44e5-a29e-7b12b9523418,59e5ec05-bf53-4148-a194-57d49be3373b,ENDED,2026-08-23T18:30:00.000Z,2026-08-24T03:14:51.930Z,31492,35.756728,51.381798,2026-08-23T18:30:00.000Z
658e385b-ab19-473d-ba0f-3e595c5716fe,03d612d9-ebba-44e5-a29e-7b12b9523418,59e5ec05-bf53-4148-a194-57d49be3373b,ENDED,2026-08-24T03:47:21.930Z,2026-08-24T04:17:21.930Z,1800,35.804672,51.118294,2026-08-24T03:47:21.930Z
427f95a1-9161-4afb-8b9c-52f61c7060bb,03d612d9-ebba-44e5-a29e-7b12b9523418,59e5ec05-bf53-4148-a194-57d49be3373b,ENDED,2026-08-24T05:22:51.930Z,2026-08-24T05:55:51.930Z,1980,35.768163,51.329053,2026-08-24T05:22:51.930Z
e236fffd-e336-43c9-b751-09df45d12608,03d612d9-ebba-44e5-a29e-7b12b9523418,59e5ec05-bf53-4148-a194-57d49be3373b,ENDED,2026-08-24T06:24:51.930Z,2026-08-24T06:49:51.930Z,1500,35.811223,51.072288,2026-08-24T06:24:51.930Z
6a89c161-af5b-4207-9bf7-37019bda3f92,03d612d9-ebba-44e5-a29e-7b12b9523418,59e5ec05-bf53-4148-a194-57d49be3373b,ENDED,2026-08-24T08:02:51.930Z,2026-08-24T08:16:51.930Z,840,35.757649,51.382571,2026-08-24T08:02:51.930Z
239c9a04-cc59-4d4d-a519-87f5f49eb4a3,03d612d9-ebba-44e5-a29e-7b12b9523418,59e5ec05-bf53-4148-a194-57d49be3373b,ENDED,2026-08-24T08:16:51.930Z,2026-08-25T08:16:51.930Z,86400,35.757649,51.382571,2026-08-24T08:16:51.930Z
a3cef0d8-c282-47ee-ac51-72e09d38db53,03d612d9-ebba-44e5-a29e-7b12b9523418,59e5ec05-bf53-4148-a194-57d49be3373b,ENDED,2026-08-24T18:30:00.000Z,2026-08-25T03:41:07.606Z,33068,35.757649,51.382571,2026-08-24T18:30:00.000Z
4cc68a3b-0ddf-40a4-8046-47afcd084792,03d612d9-ebba-44e5-a29e-7b12b9523418,59e5ec05-bf53-4148-a194-57d49be3373b,ENDED,2026-08-25T04:15:37.606Z,2026-08-25T04:40:37.606Z,1500,35.527888,51.229319,2026-08-25T04:15:37.606Z
e627b7cd-749b-45d5-a50a-af330808b0d9,03d612d9-ebba-44e5-a29e-7b12b9523418,59e5ec05-bf53-4148-a194-57d49be3373b,ENDED,2026-08-25T05:45:37.606Z,2026-08-25T05:59:37.606Z,840,35.631962,51.378577,2026-08-25T05:45:37.606Z
71c41545-fc94-4569-be3b-975a54e759bf,03d612d9-ebba-44e5-a29e-7b12b9523418,59e5ec05-bf53-4148-a194-57d49be3373b,ENDED,2026-08-25T06:18:07.606Z,2026-08-25T06:44:07.606Z,1560,35.620497,51.490737,2026-08-25T06:18:07.606Z
4b2c8f09-e3bb-40e2-b22a-b943943b3a6c,03d612d9-ebba-44e5-a29e-7b12b9523418,59e5ec05-bf53-4148-a194-57d49be3373b,ENDED,2026-08-25T07:09:37.606Z,2026-08-25T07:43:37.606Z,2040,35.707012,51.517662,2026-08-25T07:09:37.606Z
bc101501-087b-4147-b9f5-813556d26563,03d612d9-ebba-44e5-a29e-7b12b9523418,59e5ec05-bf53-4148-a194-57d49be3373b,ENDED,2026-08-25T07:43:37.606Z,2026-08-26T07:43:37.606Z,86400,35.707012,51.517662,2026-08-25T07:43:37.606Z
f30b61b7-f400-40c2-a830-855b5e804a79,03d612d9-ebba-44e5-a29e-7b12b9523418,59e5ec05-bf53-4148-a194-57d49be3373b,ENDED,2026-08-25T18:30:00.000Z,2026-08-26T03:33:33.546Z,32614,35.707012,51.517662,2026-08-25T18:30:00.000Z
93f91e45-74df-481f-8e99-b4c78c1685c6,03d612d9-ebba-44e5-a29e-7b12b9523418,59e5ec05-bf53-4148-a194-57d49be3373b,ENDED,2026-08-26T04:12:03.546Z,2026-08-26T04:51:03.546Z,2340,35.791788,51.163290,2026-08-26T04:12:03.546Z
0c2b629e-2657-4e08-a92c-86cd399e0d22,03d612d9-ebba-44e5-a29e-7b12b9523418,59e5ec05-bf53-4148-a194-57d49be3373b,ENDED,2026-08-26T05:43:33.546Z,2026-08-26T06:18:33.546Z,2100,35.751842,51.413147,2026-08-26T05:43:33.546Z
114538df-6627-4e21-a7fa-27319b810b5c,03d612d9-ebba-44e5-a29e-7b12b9523418,59e5ec05-bf53-4148-a194-57d49be3373b,ENDED,2026-08-26T06:50:33.546Z,2026-08-26T07:29:33.546Z,2340,35.793946,51.198243,2026-08-26T06:50:33.546Z
e3c8e9b8-fd9b-4e46-b661-012138a203a0,03d612d9-ebba-44e5-a29e-7b12b9523418,59e5ec05-bf53-4148-a194-57d49be3373b,ENDED,2026-08-26T08:28:03.546Z,2026-08-26T08:50:03.546Z,1320,35.747423,51.422795,2026-08-26T08:28:03.546Z
40095887-9e25-4207-abd1-122c01927fed,03d612d9-ebba-44e5-a29e-7b12b9523418,59e5ec05-bf53-4148-a194-57d49be3373b,ENDED,2026-08-26T08:50:03.546Z,2026-08-26T12:27:48.318Z,13065,35.747423,51.422795,2026-08-26T08:50:03.546Z
388eef65-3633-436a-85f2-6b7c87ed29f0,03d612d9-ebba-44e5-a29e-7b12b9523418,4508a6d6-8ce7-4d4e-a2df-ae3edcfa210c,ENDED,2026-08-14T18:30:00.000Z,2026-08-15T02:59:06.036Z,30546,35.729876,51.530213,2026-08-14T18:30:00.000Z
44561155-c3c7-46ed-be66-e0a76cc0eff0,03d612d9-ebba-44e5-a29e-7b12b9523418,4508a6d6-8ce7-4d4e-a2df-ae3edcfa210c,ENDED,2026-08-15T03:08:36.036Z,2026-08-15T03:43:36.036Z,2100,35.734961,51.509576,2026-08-15T03:08:36.036Z
9732e11a-6811-4d20-833a-2ed9b034d7f5,03d612d9-ebba-44e5-a29e-7b12b9523418,4508a6d6-8ce7-4d4e-a2df-ae3edcfa210c,ENDED,2026-08-15T03:50:36.036Z,2026-08-15T04:15:36.036Z,1500,35.734062,51.525404,2026-08-15T03:50:36.036Z
be895701-b391-44b5-80b1-c88597a532d9,03d612d9-ebba-44e5-a29e-7b12b9523418,4508a6d6-8ce7-4d4e-a2df-ae3edcfa210c,ENDED,2026-08-15T04:15:36.036Z,2026-08-16T04:15:36.036Z,86400,35.734062,51.525404,2026-08-15T04:15:36.036Z
01a87012-d7ff-4b2f-a92d-e04875f8b91e,03d612d9-ebba-44e5-a29e-7b12b9523418,4508a6d6-8ce7-4d4e-a2df-ae3edcfa210c,ENDED,2026-08-15T18:30:00.000Z,2026-08-16T03:06:32.646Z,30993,35.734062,51.525404,2026-08-15T18:30:00.000Z
70b2ae03-b656-4dcc-9d63-d42a75c52890,03d612d9-ebba-44e5-a29e-7b12b9523418,4508a6d6-8ce7-4d4e-a2df-ae3edcfa210c,ENDED,2026-08-16T03:16:02.646Z,2026-08-16T03:37:02.646Z,1260,35.736334,51.508214,2026-08-16T03:16:02.646Z
4e53e086-31f7-4fce-8e9b-bf3d40d92ba0,03d612d9-ebba-44e5-a29e-7b12b9523418,4508a6d6-8ce7-4d4e-a2df-ae3edcfa210c,ENDED,2026-08-16T03:45:02.646Z,2026-08-16T03:58:02.646Z,780,35.734741,51.522530,2026-08-16T03:45:02.646Z
4fa0937a-3162-4e79-861b-9a0a30abedcf,03d612d9-ebba-44e5-a29e-7b12b9523418,4508a6d6-8ce7-4d4e-a2df-ae3edcfa210c,ENDED,2026-08-16T03:58:02.646Z,2026-08-17T03:58:02.646Z,86400,35.734741,51.522530,2026-08-16T03:58:02.646Z
160c8e40-cabf-413d-b98b-75855b1ed130,03d612d9-ebba-44e5-a29e-7b12b9523418,4508a6d6-8ce7-4d4e-a2df-ae3edcfa210c,ENDED,2026-08-16T18:30:00.000Z,2026-08-17T04:24:34.267Z,35674,35.734741,51.522530,2026-08-16T18:30:00.000Z
1a44568f-12aa-4237-9cc5-66a5ce49eebe,03d612d9-ebba-44e5-a29e-7b12b9523418,4508a6d6-8ce7-4d4e-a2df-ae3edcfa210c,ENDED,2026-08-17T04:53:04.267Z,2026-08-17T05:06:04.267Z,780,35.664175,51.419957,2026-08-17T04:53:04.267Z
7a5eab0b-3672-494e-b6bb-35d834f4753a,03d612d9-ebba-44e5-a29e-7b12b9523418,4508a6d6-8ce7-4d4e-a2df-ae3edcfa210c,ENDED,2026-08-17T05:32:04.267Z,2026-08-17T05:47:04.267Z,900,35.697261,51.479476,2026-08-17T05:32:04.267Z
e38760c9-7ad3-4f1d-b453-5687913cd3d9,03d612d9-ebba-44e5-a29e-7b12b9523418,4508a6d6-8ce7-4d4e-a2df-ae3edcfa210c,ENDED,2026-08-17T06:08:34.267Z,2026-08-17T06:46:34.267Z,2280,35.651819,51.461430,2026-08-17T06:08:34.267Z
50f269f5-d7a3-4dc3-b246-03bf8681f37d,03d612d9-ebba-44e5-a29e-7b12b9523418,4508a6d6-8ce7-4d4e-a2df-ae3edcfa210c,ENDED,2026-08-17T07:08:34.267Z,2026-08-17T07:22:34.267Z,840,35.699427,51.478143,2026-08-17T07:08:34.267Z
905758af-7cfd-4244-98c0-33cc24d5c4d9,03d612d9-ebba-44e5-a29e-7b12b9523418,4508a6d6-8ce7-4d4e-a2df-ae3edcfa210c,ENDED,2026-08-17T07:22:34.267Z,2026-08-18T07:22:34.267Z,86400,35.699427,51.478143,2026-08-17T07:22:34.267Z